Rank,Title,Release year,Runtime,Genre,Rating,Director(s),Votes,Gross_revenue
1,The Shawshank Redemption,1994,142 min,Drama,9.3,Frank Darabont,2477417,28340000
2,The Godfather,1972,175 min,"Crime, Drama",9.2,Francis Ford Coppola,1711374,134970000
3,Soorarai Pottru,2020,153 min,Drama,9.1,Sudha Kongara,90665,0
4,The Dark Knight,2008,152 min,"Action, Crime, Drama",9,Christopher Nolan,2431550,534860000
5,The Godfather: Part II,1974,202 min,"Crime, Drama",9,Francis Ford Coppola,1188781,57300000
6,12 Angry Men,1957,96 min,"Crime, Drama",9,Sidney Lumet,733266,4360000
7,The Lord of the Rings: The Return of the King,2003,201 min,"Action, Adventure, Drama",8.9,Peter Jackson,1716971,377850000
8,Pulp Fiction,1994,154 min,"Crime, Drama",8.9,Quentin Tarantino,1917660,107930000
9,Schindler's List,1993,195 min,"Biography, Drama, History",8.9,Steven Spielberg,1272064,96900000
10,Inception,2010,148 min,"Action, Adventure, Sci-Fi",8.8,Christopher Nolan,2182001,292580000
11,Dara of Jasenovac,2020,130 min,"Drama, War",8.8,Predrag Antonijevic,79562,0
12,Fight Club,1999,139 min,Drama,8.8,David Fincher,1951575,37030000
13,The Lord of the Rings: The Fellowship of the Ring,2001,178 min,"Action, Adventure, Drama",8.8,Peter Jackson,1738248,315540000
14,Forrest Gump,1994,142 min,"Drama, Romance",8.8,Robert Zemeckis,1915334,330250000
15,"The Good, the Bad and the Ugly",1966,178 min,Western,8.8,Sergio Leone,720749,6100000
16,Shershaah,2021,135 min,"Action, Biography, Drama",8.7,Vishnuvardhan,105297,0
17,The Lord of the Rings: The Two Towers,2002,179 min,"Action, Adventure, Drama",8.7,Peter Jackson,1552209,342550000
18,The Matrix,1999,136 min,"Action, Sci-Fi",8.7,"Lana Wachowski, Lilly Wachowski",1770216,171480000
19,Goodfellas,1990,146 min,"Biography, Crime, Drama",8.7,Martin Scorsese,1075469,46840000
20,Star Wars: Episode V - The Empire Strikes Back,1980,124 min,"Action, Adventure, Fantasy",8.7,Irvin Kershner,1210018,290480000
21,One Flew Over the Cuckoo's Nest,1975,133 min,Drama,8.7,Milos Forman,957516,112000000
22,Parasite,2019,132 min,"Comedy, Drama, Thriller",8.6,Bong Joon Ho,673193,53370000
23,Drishyam 2,2021,152 min,"Crime, Drama, Thriller",8.6,Jeethu Joseph,31126,0
24,Interstellar,2014,169 min,"Adventure, Drama, Sci-Fi",8.6,Christopher Nolan,1627767,188020000
25,City of God,2002,130 min,"Crime, Drama",8.6,"Fernando Meirelles, Kátia Lund",724263,7560000
26,Spirited Away,2001,125 min,"Animation, Adventure, Family",8.6,Hayao Miyazaki,698148,10060000
27,Saving Private Ryan,1998,169 min,"Drama, War",8.6,Steven Spielberg,1298135,216540000
28,The Green Mile,1999,189 min,"Crime, Drama, Fantasy",8.6,Frank Darabont,1209427,136800000
29,Life Is Beautiful,1997,116 min,"Comedy, Drama, Romance",8.6,Roberto Benigni,654947,57600000
30,Se7en,1995,127 min,"Crime, Drama, Mystery",8.6,David Fincher,1524950,100130000
31,The Silence of the Lambs,1991,118 min,"Crime, Drama, Thriller",8.6,Jonathan Demme,1338453,130740000
32,Star Wars: Episode IV - A New Hope,1977,121 min,"Action, Adventure, Fantasy",8.6,George Lucas,1281811,322740000
33,Hara-Kiri,1962,133 min,"Action, Drama, Mystery",8.6,Masaki Kobayashi,49717,0
34,Seven Samurai,1954,207 min,"Action, Adventure, Drama",8.6,Akira Kurosawa,330187,270000
35,It's a Wonderful Life,1946,130 min,"Drama, Family, Fantasy",8.6,Frank Capra,423773,0
36,Whiplash,2014,106 min,"Drama, Music",8.5,Damien Chazelle,768646,13090000
37,The Intouchables,2011,112 min,"Biography, Comedy, Drama",8.5,"Olivier Nakache, Éric Toledano",800722,13180000
38,The Prestige,2006,130 min,"Drama, Mystery, Sci-Fi",8.5,Christopher Nolan,1250554,53090000
39,The Departed,2006,151 min,"Crime, Drama, Thriller",8.5,Martin Scorsese,1246132,132380000
40,The Pianist,2002,150 min,"Biography, Drama, Music",8.5,Roman Polanski,774685,32570000
41,Gladiator,2000,155 min,"Action, Adventure, Drama",8.5,Ridley Scott,1405612,187710000
42,American History X,1998,119 min,Drama,8.5,Tony Kaye,1070846,6720000
43,The Usual Suspects,1995,106 min,"Crime, Drama, Mystery",8.5,Bryan Singer,1032610,23340000
44,Léon: The Professional,1994,110 min,"Action, Crime, Drama",8.5,Luc Besson,1087097,19500000
45,The Lion King,1994,88 min,"Animation, Adventure, Drama",8.5,"Roger Allers, Rob Minkoff",987981,422780000
46,Terminator 2: Judgment Day,1991,137 min,"Action, Sci-Fi",8.5,James Cameron,1037555,204840000
47,Cinema Paradiso,1988,155 min,"Drama, Romance",8.5,Giuseppe Tornatore,246566,11990000
48,Grave of the Fireflies,1988,89 min,"Animation, Drama, War",8.5,Isao Takahata,254390,0
49,Back to the Future,1985,116 min,"Adventure, Comedy, Sci-Fi",8.5,Robert Zemeckis,1118371,210610000
50,Once Upon a Time in the West,1968,165 min,Western,8.5,Sergio Leone,315563,5320000
51,Psycho,1960,109 min,"Horror, Mystery, Thriller",8.5,Alfred Hitchcock,633787,32000000
52,Pather Panchali,1955,125 min,Drama,8.5,Satyajit Ray,28883,540000
53,Rear Window,1954,112 min,"Mystery, Thriller",8.5,Alfred Hitchcock,467472,36760000
54,Casablanca,1942,102 min,"Drama, Romance, War",8.5,Michael Curtiz,544891,1020000
55,Modern Times,1936,87 min,"Comedy, Drama, Family",8.5,Charles Chaplin,229699,160000
56,City Lights,1931,87 min,"Comedy, Drama, Romance",8.5,Charles Chaplin,176722,20000
57,Hamilton,2020,160 min,"Biography, Drama, History",8.4,Thomas Kail,75309,0
58,Capernaum,2018,126 min,Drama,8.4,Nadine Labaki,76715,1660000
59,Joker,2019,122 min,"Crime, Drama, Thriller",8.4,Todd Phillips,1081953,335450000
60,Raatchasan,2018,170 min,"Action, Crime, Drama",8.4,Ram Kumar,35324,0
61,Ayla: The Daughter of War,2017,125 min,"Biography, Drama, History",8.4,"Can Ulkay, Halenur Uzunoglu",37229,0
62,Your Name.,2016,106 min,"Animation, Drama, Fantasy",8.4,Makoto Shinkai,227794,5020000
63,Dangal,2016,161 min,"Action, Biography, Drama",8.4,Nitesh Tiwari,172477,12390000
64,Spider-Man: Into the Spider-Verse,2018,117 min,"Animation, Action, Adventure",8.4,"Bob Persichetti, Peter Ramsey, Rodney Rothman",432598,190240000
65,Avengers: Endgame,2019,181 min,"Action, Adventure, Drama",8.4,"Anthony Russo, Joe Russo",950913,858370000
66,Avengers: Infinity War,2018,149 min,"Action, Adventure, Sci-Fi",8.4,"Anthony Russo, Joe Russo",932972,678820000
67,Coco,2017,105 min,"Animation, Adventure, Comedy",8.4,"Lee Unkrich, Adrian Molina",436395,209730000
68,Django Unchained,2012,165 min,"Drama, Western",8.4,Quentin Tarantino,1435169,162810000
69,The Dark Knight Rises,2012,164 min,"Action, Crime",8.4,Christopher Nolan,1585268,448140000
70,3 Idiots,2009,170 min,"Comedy, Drama",8.4,Rajkumar Hirani,369551,6530000
71,Like Stars on Earth,2007,165 min,"Drama, Family",8.4,"Aamir Khan, Amole Gupte",181582,1220000
72,WALL·E,2008,98 min,"Animation, Adventure, Family",8.4,Andrew Stanton,1046744,223810000
73,The Lives of Others,2006,137 min,"Drama, Mystery, Thriller",8.4,Florian Henckel von Donnersmarck,373996,11290000
74,Oldboy,2003,120 min,"Action, Drama, Mystery",8.4,Park Chan-Wook,543815,710000
75,Memento,2000,113 min,"Mystery, Thriller",8.4,Christopher Nolan,1173607,25540000
76,Princess Mononoke,1997,134 min,"Animation, Action, Adventure",8.4,Hayao Miyazaki,366859,2380000
77,Raiders of the Lost Ark,1981,115 min,"Action, Adventure",8.4,Steven Spielberg,920124,248160000
78,The Shining,1980,146 min,"Drama, Horror",8.4,Stanley Kubrick,948514,44020000
79,Apocalypse Now,1979,147 min,"Drama, Mystery, War",8.4,Francis Ford Coppola,632328,83470000
80,Alien,1979,117 min,"Horror, Sci-Fi",8.4,Ridley Scott,827253,78900000
81,High and Low,1963,143 min,"Crime, Drama, Mystery",8.4,Akira Kurosawa,40036,0
82,Dr. Strangelove or: How I Learned to Stop Worrying and Love the Bomb,1964,95 min,Comedy,8.4,Stanley Kubrick,469208,280000
83,Witness for the Prosecution,1957,116 min,"Crime, Drama, Mystery",8.4,Billy Wilder,117184,8180000
84,Paths of Glory,1957,88 min,"Drama, War",8.4,Stanley Kubrick,187916,0
85,Sunset Blvd.,1950,110 min,"Drama, Film-Noir",8.4,Billy Wilder,211999,0
86,The Great Dictator,1940,125 min,"Comedy, Drama, War",8.4,Charles Chaplin,214003,290000
87,Chhichhore,2019,143 min,"Comedy, Drama, Romance",8.3,Nitesh Tiwari,44870,900000
88,1917,2019,119 min,"Action, Drama, War",8.3,Sam Mendes,499050,159230000
89,Uri: The Surgical Strike,2019,138 min,"Action, Drama, War",8.3,Aditya Dhar,52515,4190000
90,Tumbbad,2018,104 min,"Drama, Fantasy, Horror",8.3,"Rahi Anil Barve, Anand Gandhi, Adesh Prasad",37524,0
91,K.G.F: Chapter 1,2018,156 min,"Action, Crime, Drama",8.3,Prashanth Neel,48153,0
92,Vikram Vedha,2017,147 min,"Action, Crime, Drama",8.3,"Gayatri, Pushkar",33812,0
93,Drishyam,2013,160 min,"Crime, Drama, Thriller",8.3,Jeethu Joseph,38296,0
94,The Hunt,2012,115 min,Drama,8.3,Thomas Vinterberg,305473,690000
95,A Separation,2011,123 min,Drama,8.3,Asghar Farhadi,232893,7100000
96,Incendies,2010,131 min,"Drama, Mystery, War",8.3,Denis Villeneuve,163608,6860000
97,Dune,2021,155 min,"Action, Adventure, Drama",8.3,Denis Villeneuve,188353,0
98,Demon Slayer: Mugen Train,2020,117 min,"Animation, Action, Adventure",8.3,Haruo Sotozaki,38559,47700000
99,The Father,2020,97 min,Drama,8.3,Florian Zeller,102654,0
100,Inglourious Basterds,2009,153 min,"Adventure, Drama, War",8.3,Quentin Tarantino,1340103,120540000
101,Eternal Sunshine of the Spotless Mind,2004,108 min,"Drama, Romance, Sci-Fi",8.3,Michel Gondry,951989,34400000
102,Amélie,2001,122 min,"Comedy, Romance",8.3,Jean-Pierre Jeunet,727207,33230000
103,Snatch,2000,102 min,"Comedy, Crime",8.3,Guy Ritchie,814684,30330000
104,Requiem for a Dream,2000,102 min,Drama,8.3,Darren Aronofsky,798502,3640000
105,American Beauty,1999,122 min,Drama,8.3,Sam Mendes,1107712,130100000
106,Good Will Hunting,1997,126 min,"Drama, Romance",8.3,Gus Van Sant,904936,138430000
107,Children of Heaven,1997,89 min,"Drama, Family, Sport",8.3,Majid Majidi,70714,930000
108,Toy Story,1995,81 min,"Animation, Adventure, Comedy",8.3,John Lasseter,930761,191800000
109,Braveheart,1995,178 min,"Biography, Drama, History",8.3,Mel Gibson,991692,75600000
110,Reservoir Dogs,1992,99 min,"Crime, Drama, Thriller",8.3,Quentin Tarantino,961992,2830000
111,Full Metal Jacket,1987,116 min,"Drama, War",8.3,Stanley Kubrick,704116,46360000
112,Come and See,1985,142 min,"Drama, Thriller, War",8.3,Elem Klimov,68873,0
113,Aliens,1986,137 min,"Action, Adventure, Sci-Fi",8.3,James Cameron,681248,85160000
114,Once Upon a Time in America,1984,229 min,"Crime, Drama",8.3,Sergio Leone,331220,5320000
115,Amadeus,1984,160 min,"Biography, Drama, Music",8.3,Milos Forman,383627,51970000
116,Scarface,1983,170 min,"Crime, Drama",8.3,Brian De Palma,782150,45600000
117,Star Wars: Episode VI - Return of the Jedi,1983,131 min,"Action, Adventure, Fantasy",8.3,Richard Marquand,990045,309130000
118,Das Boot,1981,149 min,"Adventure, Drama, Thriller",8.3,Wolfgang Petersen,241425,11490000
119,The Sting,1973,129 min,"Comedy, Crime, Drama",8.3,George Roy Hill,251410,159600000
120,A Clockwork Orange,1971,136 min,"Crime, Drama, Sci-Fi",8.3,Stanley Kubrick,788722,6210000
121,Z,1969,127 min,"Crime, Drama, History",8.3,Costa-Gavras,25880,80000
122,2001: A Space Odyssey,1968,149 min,"Adventure, Sci-Fi",8.3,Stanley Kubrick,632488,56950000
123,To Kill a Mockingbird,1962,129 min,"Crime, Drama",8.3,Robert Mulligan,305143,0
124,Lawrence of Arabia,1962,228 min,"Adventure, Biography, Drama",8.3,David Lean,280473,44820000
125,The Apartment,1960,125 min,"Comedy, Drama, Romance",8.3,Billy Wilder,172837,18600000
126,North by Northwest,1959,136 min,"Adventure, Mystery, Thriller",8.3,Alfred Hitchcock,313339,13280000
127,Vertigo,1958,128 min,"Mystery, Romance, Thriller",8.3,Alfred Hitchcock,383864,3200000
128,Singin' in the Rain,1952,103 min,"Comedy, Musical, Romance",8.3,"Stanley Donen, Gene Kelly",229525,8820000
129,Ikiru,1952,143 min,Drama,8.3,Akira Kurosawa,74085,60000
130,Bicycle Thieves,1948,89 min,Drama,8.3,Vittorio De Sica,156347,330000
131,Double Indemnity,1944,107 min,"Crime, Drama, Film-Noir",8.3,Billy Wilder,150575,5720000
132,Citizen Kane,1941,119 min,"Drama, Mystery",8.3,Orson Welles,423957,1590000
133,M,1931,99 min,"Crime, Mystery, Thriller",8.3,Fritz Lang,151225,30000
134,Metropolis,1927,153 min,"Drama, Sci-Fi",8.3,Fritz Lang,167411,1240000
135,The Kid,1921,68 min,"Comedy, Drama, Family",8.3,Charles Chaplin,120670,5450000
136,Andhadhun,2018,139 min,"Crime, Drama, Music",8.2,Sriram Raghavan,83643,1370000
137,Green Book,2018,130 min,"Biography, Comedy, Drama",8.2,Peter Farrelly,430841,85080000
138,A Silent Voice: The Movie,2016,130 min,"Animation, Drama",8.2,Naoko Yamada,64659,0
139,Talvar,2015,132 min,"Crime, Drama, Mystery",8.2,Meghna Gulzar,33481,340000
140,Baahubali 2: The Conclusion,2017,167 min,"Action, Drama",8.2,S.S. Rajamouli,81501,20190000
141,Klaus,2019,96 min,"Animation, Adventure, Comedy",8.2,"Sergio Pablos, Carlos Martínez López",121000,0
142,Masaan,2015,109 min,Drama,8.2,Neeraj Ghaywan,26122,0
143,Drishyam,2015,163 min,"Crime, Drama, Mystery",8.2,Nishikant Kamat,77072,740000
144,Queen,2013,146 min,"Adventure, Comedy, Drama",8.2,Vikas Bahl,63854,1430000
145,Tangerines,2013,87 min,"Drama, War",8.2,Zaza Urushadze,44322,140000
146,Bhaag Milkha Bhaag,2013,186 min,"Biography, Drama, Sport",8.2,Rakeysh Omprakash Mehra,64979,1630000
147,Gangs of Wasseypur,2012,321 min,"Action, Comedy, Crime",8.2,Anurag Kashyap,90190,0
148,Udaan,2010,134 min,Drama,8.2,Vikramaditya Motwane,44016,10000
149,Paan Singh Tomar,2012,135 min,"Action, Biography, Crime",8.2,Tigmanshu Dhulia,35039,40000
150,Zindagi Na Milegi Dobara,2011,155 min,"Comedy, Drama",8.2,Zoya Akhtar,73194,3110000
151,The Secret in Their Eyes,2009,129 min,"Drama, Mystery, Romance",8.2,Juan José Campanella,201792,6390000
152,Shutter Island,2010,138 min,"Mystery, Thriller",8.2,Martin Scorsese,1203131,128010000
153,Up,2009,96 min,"Animation, Adventure, Comedy",8.2,"Pete Docter, Bob Peterson",979651,293000000
154,Miracle in Cell No. 7,2019,132 min,Drama,8.2,Mehmet Ada Öztekin,42991,0
155,Article 15,2019,130 min,"Crime, Drama, Mystery",8.2,Anubhav Sinha,27951,0
156,The Wolf of Wall Street,2013,180 min,"Biography, Comedy, Crime",8.2,Martin Scorsese,1274185,116900000
157,Chak De! India,2007,153 min,"Drama, Family, Sport",8.2,Shimit Amin,77603,1110000
158,My Father and My Son,2005,112 min,"Drama, Family",8.2,Cagan Irmak,83406,0
159,There Will Be Blood,2007,158 min,Drama,8.2,Paul Thomas Anderson,547642,40220000
160,Pan's Labyrinth,2006,118 min,"Drama, Fantasy, War",8.2,Guillermo del Toro,640818,37630000
161,Toy Story 3,2010,103 min,"Animation, Adventure, Comedy",8.2,Lee Unkrich,789045,415000000
162,Black,2005,122 min,Drama,8.2,Sanjay Leela Bhansali,34252,730000
163,Batman Begins,2005,140 min,"Action, Adventure",8.2,Christopher Nolan,1365841,206850000
164,Swades,2004,189 min,"Drama, Musical",8.2,Ashutosh Gowariker,87263,1220000
165,Downfall,2004,156 min,"Biography, Drama, History",8.2,Oliver Hirschbiegel,342734,5510000
166,Howl's Moving Castle,2004,119 min,"Animation, Adventure, Family",8.2,Hayao Miyazaki,360056,4710000
167,A Beautiful Mind,2001,135 min,"Biography, Drama",8.2,Ron Howard,884520,170740000
168,Hera Pheri,2000,156 min,"Action, Comedy, Crime",8.2,Priyadarshan,62513,0
169,"Lock, Stock and Two Smoking Barrels",1998,107 min,"Action, Comedy, Crime",8.2,Guy Ritchie,556867,3900000
170,L.A. Confidential,1997,138 min,"Crime, Drama, Mystery",8.2,Curtis Hanson,553470,64620000
171,The Bandit,1996,128 min,"Crime, Drama, Thriller",8.2,Yavuz Turgul,67967,0
172,Heat,1995,170 min,"Crime, Drama, Thriller",8.2,Michael Mann,610679,67440000
173,Casino,1995,178 min,"Crime, Drama",8.2,Martin Scorsese,490218,42440000
174,Unforgiven,1992,130 min,"Drama, Western",8.2,Clint Eastwood,393445,101160000
175,Indiana Jones and the Last Crusade,1989,127 min,"Action, Adventure",8.2,Steven Spielberg,719698,197170000
176,Time of the Gypsies,1988,142 min,"Comedy, Crime, Drama",8.2,Emir Kusturica,29587,280000
177,My Neighbor Totoro,1988,86 min,"Animation, Family, Fantasy",8.2,Hayao Miyazaki,312794,1110000
178,Die Hard,1988,132 min,"Action, Thriller",8.2,John McTiernan,823621,83010000
179,Ran,1985,162 min,"Action, Drama, War",8.2,Akira Kurosawa,119936,4140000
180,Raging Bull,1980,129 min,"Biography, Drama, Sport",8.2,Martin Scorsese,336938,23380000
181,Autumn Sonata,1978,99 min,"Drama, Music",8.2,Ingmar Bergman,31663,0
182,Taxi Driver,1976,114 min,"Crime, Drama",8.2,Martin Scorsese,765351,28260000
183,The Message,1976,177 min,"Biography, Drama, History",8.2,Moustapha Akkad,45858,0
184,Sholay,1975,162 min,"Action, Adventure, Comedy",8.2,Ramesh Sippy,53814,0
185,Monty Python and the Holy Grail,1975,91 min,"Adventure, Comedy, Fantasy",8.2,"Terry Gilliam, Terry Jones",519306,1230000
186,Chinatown,1974,130 min,"Drama, Mystery, Thriller",8.2,Roman Polanski,310662,8490000
187,Anand,1971,122 min,"Drama, Musical",8.2,Hrishikesh Mukherjee,32894,0
188,For a Few Dollars More,1965,132 min,Western,8.2,Sergio Leone,244491,15000000
189,The Great Escape,1963,172 min,"Adventure, Drama, History",8.2,John Sturges,234551,12100000
190,Yojimbo,1961,110 min,"Action, Drama, Thriller",8.2,Akira Kurosawa,117702,0
191,Judgment at Nuremberg,1961,179 min,"Drama, War",8.2,Stanley Kramer,74025,0
192,Some Like It Hot,1959,121 min,"Comedy, Music, Romance",8.2,Billy Wilder,255299,25000000
193,Wild Strawberries,1957,91 min,"Drama, Romance",8.2,Ingmar Bergman,102617,0
194,The Seventh Seal,1957,96 min,"Drama, Fantasy, History",8.2,Ingmar Bergman,176234,0
195,Dial M for Murder,1954,105 min,"Crime, Thriller",8.2,Alfred Hitchcock,167471,10000
196,Tokyo Story,1953,136 min,Drama,8.2,Yasujirô Ozu,57991,0
197,Rashomon,1950,88 min,"Crime, Drama, Mystery",8.2,Akira Kurosawa,160783,100000
198,All About Eve,1950,138 min,Drama,8.2,Joseph L. Mankiewicz,126397,10000
199,The Treasure of the Sierra Madre,1948,126 min,"Adventure, Drama, Western",8.2,John Huston,120137,5010000
200,To Be or Not to Be,1942,99 min,"Comedy, Romance, War",8.2,Ernst Lubitsch,34041,0
201,The Gold Rush,1925,95 min,"Adventure, Comedy, Drama",8.2,Charles Chaplin,106870,5450000
202,Sherlock Jr.,1924,45 min,"Action, Comedy, Romance",8.2,Buster Keaton,46297,980000
203,Portrait of a Lady on Fire,2019,122 min,"Drama, Romance",8.1,Céline Sciamma,78384,3760000
204,Pink,2016,136 min,"Crime, Drama, Thriller",8.1,Aniruddha Roy Chowdhury,42683,1240000
205,Wolfwalkers,2020,103 min,"Animation, Adventure, Family",8.1,"Tomm Moore, Ross Stewart",26139,0
206,"Three Billboards Outside Ebbing, Missouri",2017,115 min,"Comedy, Crime, Drama",8.1,Martin McDonagh,468963,54510000
207,The Invisible Guest,2016,106 min,"Crime, Drama, Mystery",8.1,Oriol Paulo,161824,0
208,The Handmaiden,2016,145 min,"Drama, Romance, Thriller",8.1,Park Chan-Wook,129373,2010000
209,Mommy,2014,139 min,Drama,8.1,Xavier Dolan,54091,3490000
210,Haider,2014,160 min,"Action, Crime, Drama",8.1,Vishal Bhardwaj,52417,900000
211,Logan,2017,137 min,"Action, Drama, Sci-Fi",8.1,James Mangold,692617,226280000
212,Room,2015,118 min,"Drama, Thriller",8.1,Lenny Abrahamson,394695,14680000
213,Wild Tales,2014,122 min,"Comedy, Drama, Thriller",8.1,Damián Szifron,187726,3110000
214,Soul,2020,100 min,"Animation, Adventure, Comedy",8.1,"Pete Docter, Kemp Powers",282011,0
215,Winter Sleep,2014,196 min,Drama,8.1,Nuri Bilge Ceylan,49656,170000
216,PK,2014,153 min,"Comedy, Drama, Musical",8.1,Rajkumar Hirani,173100,10620000
217,OMG: Oh My God!,2012,125 min,"Comedy, Drama, Fantasy",8.1,Umesh Shukla,55429,920000
218,The Grand Budapest Hotel,2014,99 min,"Adventure, Comedy, Crime",8.1,Wes Anderson,749436,59100000
219,Gone Girl,2014,149 min,"Drama, Mystery, Thriller",8.1,David Fincher,913960,167770000
220,Wolf Children,2012,117 min,"Animation, Drama, Fantasy",8.1,Mamoru Hosoda,41947,0
221,Hacksaw Ridge,2016,139 min,"Biography, Drama, History",8.1,Mel Gibson,471165,67210000
222,Inside Out,2015,95 min,"Animation, Adventure, Comedy",8.1,"Pete Docter, Ronnie Del Carmen",657201,356460000
223,Barfi!,2012,151 min,"Comedy, Drama, Romance",8.1,Anurag Basu,79032,2800000
224,12 Years a Slave,2013,134 min,"Biography, Drama, History",8.1,Steve McQueen,667193,56670000
225,Rush,2013,123 min,"Action, Biography, Drama",8.1,Ron Howard,454491,26950000
226,Ford v Ferrari,2019,152 min,"Action, Biography, Drama",8.1,James Mangold,339156,117620000
227,Spotlight,2015,129 min,"Biography, Crime, Drama",8.1,Tom McCarthy,444434,45060000
228,Song of the Sea,2014,93 min,"Animation, Adventure, Drama",8.1,Tomm Moore,55530,860000
229,Kahaani,2012,122 min,"Mystery, Thriller",8.1,Sujoy Ghosh,60567,1040000
230,Prisoners,2013,153 min,"Crime, Drama, Mystery",8.1,Denis Villeneuve,642880,61000000
231,Mad Max: Fury Road,2015,120 min,"Action, Adventure, Sci-Fi",8.1,George Miller,932469,154060000
232,Warrior,2011,140 min,"Action, Drama, Sport",8.1,Gavin O'Connor,451401,13660000
233,A Wednesday,2008,104 min,"Action, Crime, Drama",8.1,Neeraj Pandey,76563,0
234,Zack Snyder's Justice League,2021,242 min,"Action, Adventure, Fantasy",8.1,Zack Snyder,341897,0
235,Gran Torino,2008,116 min,Drama,8.1,Clint Eastwood,744399,148100000
236,Harry Potter and the Deathly Hallows: Part 2,2011,130 min,"Adventure, Fantasy, Mystery",8.1,David Yates,806634,381010000
237,Departures,2008,130 min,"Drama, Music",8.1,Yôjirô Takita,50458,1500000
238,Hachi: A Dog's Tale,2009,93 min,"Biography, Drama, Family",8.1,Lasse Hallström,267812,0
239,Mary and Max,2009,92 min,"Animation, Comedy, Drama",8.1,Adam Elliot,171131,0
240,How to Train Your Dragon,2010,98 min,"Animation, Action, Adventure",8.1,"Dean DeBlois, Chris Sanders",696402,217580000
241,Into the Wild,2007,148 min,"Adventure, Biography, Drama",8.1,Sean Penn,596514,18350000
242,No Country for Old Men,2007,122 min,"Crime, Drama, Thriller",8.1,"Ethan Coen, Joel Coen",905447,74280000
243,"Carry On, Munna Bhai",2006,144 min,"Comedy, Drama, Romance",8.1,Rajkumar Hirani,45405,2220000
244,V for Vendetta,2005,132 min,"Action, Drama, Sci-Fi",8.1,James McTeigue,1069728,70510000
245,Nobody Knows,2004,141 min,Drama,8.1,Hirokazu Koreeda,26481,680000
246,Rang De Basanti,2006,167 min,"Comedy, Crime, Drama",8.1,Rakeysh Omprakash Mehra,116710,2200000
247,Million Dollar Baby,2004,132 min,"Drama, Sport",8.1,Clint Eastwood,659944,100490000
248,Hotel Rwanda,2004,121 min,"Biography, Drama, History",8.1,Terry George,344446,23530000
249,Before Sunset,2004,80 min,"Drama, Romance",8.1,Richard Linklater,249027,5820000
250,Munna Bhai M.B.B.S.,2003,156 min,"Comedy, Drama",8.1,Rajkumar Hirani,78172,0
251,Memories of Murder,2003,132 min,"Crime, Drama, Mystery",8.1,Bong Joon Ho,160722,10000
252,Dil Chahta Hai,2001,183 min,"Comedy, Drama, Romance",8.1,Farhan Akhtar,69870,300000
253,Kill Bill: Vol. 1,2003,111 min,"Action, Crime, Drama",8.1,Quentin Tarantino,1050736,70100000
254,Finding Nemo,2003,100 min,"Animation, Adventure, Comedy",8.1,"Andrew Stanton, Lee Unkrich",987384,380840000
255,Catch Me If You Can,2002,141 min,"Biography, Crime, Drama",8.1,Steven Spielberg,892498,164620000
256,Love's a Bitch,2000,154 min,"Drama, Thriller",8.1,Alejandro G. Iñárritu,232696,5380000
257,"Monsters, Inc.",2001,92 min,"Animation, Adventure, Comedy",8.1,"Pete Docter, David Silverman, Lee Unkrich",854178,289920000
258,Neon Genesis Evangelion: The End of Evangelion,1997,87 min,"Animation, Action, Drama",8.1,"Hideaki Anno, Kazuya Tsurumaki",47195,0
259,Lagaan: Once Upon a Time in India,2001,224 min,"Drama, Musical, Sport",8.1,Ashutosh Gowariker,109640,70000
260,The Sixth Sense,1999,107 min,"Drama, Mystery, Thriller",8.1,M. Night Shyamalan,945395,293510000
261,The Celebration,1998,105 min,Drama,8.1,Thomas Vinterberg,83723,1650000
262,The Legend of 1900,1998,169 min,"Drama, Music, Romance",8.1,Giuseppe Tornatore,61715,260000
263,The Truman Show,1998,103 min,"Comedy, Drama",8.1,Peter Weir,994475,125620000
264,"Black Cat, White Cat",1998,127 min,"Comedy, Crime, Romance",8.1,Emir Kusturica,52514,350000
265,The Big Lebowski,1998,117 min,"Comedy, Crime, Sport",8.1,"Joel Coen, Ethan Coen",769024,17500000
266,In the Mood for Love,2000,98 min,"Drama, Romance",8.1,Kar-Wai Wong,137727,2730000
267,Trainspotting,1996,93 min,Drama,8.1,Danny Boyle,658230,16500000
268,Fargo,1996,98 min,"Crime, Drama, Thriller",8.1,"Joel Coen, Ethan Coen",645589,24610000
269,Underground,1995,167 min,"Comedy, Drama, Fantasy",8.1,Emir Kusturica,57067,170000
270,La Haine,1995,98 min,"Crime, Drama",8.1,Mathieu Kassovitz,161168,310000
271,Dilwale Dulhania Le Jayenge,1995,181 min,"Drama, Romance",8.1,Aditya Chopra,66637,0
272,Before Sunrise,1995,101 min,"Drama, Romance",8.1,Richard Linklater,288263,5540000
273,Three Colors: Red,1994,99 min,"Drama, Mystery, Romance",8.1,Krzysztof Kieslowski,98511,4040000
274,Chungking Express,1994,102 min,"Comedy, Crime, Drama",8.1,Kar-Wai Wong,72354,600000
275,Andaz Apna Apna,1994,160 min,"Action, Comedy, Romance",8.1,Rajkumar Santoshi,51803,0
276,Jurassic Park,1993,127 min,"Action, Adventure, Sci-Fi",8.1,Steven Spielberg,913239,402450000
277,In the Name of the Father,1993,133 min,"Biography, Crime, Drama",8.1,Jim Sheridan,166609,25010000
278,Farewell My Concubine,1993,171 min,"Drama, Music, Romance",8.1,Kaige Chen,26851,5220000
279,Raise the Red Lantern,1991,125 min,"Drama, History, Romance",8.1,Yimou Zhang,31302,2600000
280,Dead Poets Society,1989,128 min,"Comedy, Drama",8.1,Peter Weir,451536,95860000
281,The Princess Bride,1987,98 min,"Adventure, Family, Fantasy",8.1,Rob Reiner,409923,30860000
282,Stand by Me,1986,89 min,"Adventure, Drama",8.1,Rob Reiner,381421,52290000
283,Platoon,1986,120 min,"Drama, War",8.1,Oliver Stone,396552,138530000
284,"Paris, Texas",1984,145 min,Drama,8.1,Wim Wenders,99735,2180000
285,Nausicaä of the Valley of the Wind,1984,117 min,"Animation, Adventure, Fantasy",8.1,Hayao Miyazaki,160761,500000
286,Nostalghia,1983,125 min,Drama,8.1,Andrei Tarkovsky,25528,10000
287,The Thing,1982,109 min,"Horror, Mystery, Sci-Fi",8.1,John Carpenter,394204,13780000
288,Fitzcarraldo,1982,158 min,"Adventure, Drama",8.1,Werner Herzog,33508,0
289,Fanny and Alexander,1982,188 min,Drama,8.1,Ingmar Bergman,61106,4970000
290,Blade Runner,1982,117 min,"Action, Sci-Fi, Thriller",8.1,Ridley Scott,725404,32870000
291,The Elephant Man,1980,124 min,"Biography, Drama",8.1,David Lynch,231365,0
292,Stalker,1979,162 min,"Drama, Sci-Fi",8.1,Andrei Tarkovsky,126860,230000
293,Monty Python's Life of Brian,1979,94 min,Comedy,8.1,Terry Jones,382830,20050000
294,The Deer Hunter,1978,183 min,"Drama, War",8.1,Michael Cimino,325681,48980000
295,Rocky,1976,120 min,"Drama, Sport",8.1,John G. Avildsen,542074,117240000
296,Network,1976,121 min,Drama,8.1,Sidney Lumet,152872,0
297,Barry Lyndon,1975,185 min,"Adventure, Drama, History",8.1,Stanley Kubrick,159130,0
298,Mirror,1975,107 min,"Biography, Drama",8.1,Andrei Tarkovsky,43648,180000
299,Paper Moon,1973,102 min,"Comedy, Crime, Drama",8.1,Peter Bogdanovich,44783,30930000
300,Cries & Whispers,1972,91 min,Drama,8.1,Ingmar Bergman,32524,1740000
301,Solaris,1972,167 min,"Drama, Mystery, Sci-Fi",8.1,Andrei Tarkovsky,87123,0
302,Le Samouraï,1967,101 min,"Crime, Drama",8.1,Jean-Pierre Melville,48663,40000
303,Cool Hand Luke,1967,127 min,"Crime, Drama",8.1,Stuart Rosenberg,170665,16220000
304,Persona,1966,83 min,"Drama, Thriller",8.1,Ingmar Bergman,111352,0
305,Andrei Rublev,1966,205 min,"Biography, Drama, History",8.1,Andrei Tarkovsky,51103,100000
306,The Battle of Algiers,1966,121 min,"Drama, War",8.1,Gillo Pontecorvo,57113,60000
307,The Exterminating Angel,1962,95 min,"Drama, Fantasy",8.1,Luis Buñuel,31940,0
308,What Ever Happened to Baby Jane?,1962,134 min,"Drama, Horror, Thriller",8.1,Robert Aldrich,53143,4050000
309,Sanjuro,1962,96 min,"Action, Comedy, Crime",8.1,Akira Kurosawa,36780,0
310,The Man Who Shot Liberty Valance,1962,123 min,"Drama, Western",8.1,John Ford,72834,0
311,Ivan's Childhood,1962,95 min,"Drama, War",8.1,"Andrei Tarkovsky, Eduard Abalov",34506,0
312,The Virgin Spring,1960,89 min,Drama,8.1,Ingmar Bergman,28132,1530000
313,Inherit the Wind,1960,128 min,"Biography, Drama, History",8.1,Stanley Kramer,29125,0
314,The 400 Blows,1959,92 min,"Crime, Drama",8.1,François Truffaut,111934,0
315,Ben-Hur,1959,212 min,"Adventure, Drama, History",8.1,William Wyler,229272,74700000
316,The Hidden Fortress,1958,126 min,"Action, Adventure, Drama",8.1,Akira Kurosawa,37431,0
317,Nights of Cabiria,1957,110 min,Drama,8.1,Federico Fellini,46355,750000
318,Throne of Blood,1957,110 min,"Drama, History",8.1,Akira Kurosawa,49922,0
319,The Bridge on the River Kwai,1957,161 min,"Adventure, Drama, War",8.1,David Lean,211908,44910000
320,Rififi,1955,118 min,"Crime, Drama, Thriller",8.1,Jules Dassin,32764,60000
321,On the Waterfront,1954,108 min,"Crime, Drama, Thriller",8.1,Elia Kazan,149040,9600000
322,Diabolique,1955,117 min,"Crime, Drama, Horror",8.1,Henri-Georges Clouzot,64116,0
323,The Wages of Fear,1953,131 min,"Adventure, Drama, Thriller",8.1,Henri-Georges Clouzot,58443,0
324,Ace in the Hole,1951,111 min,"Drama, Film-Noir",8.1,Billy Wilder,34064,3970000
325,White Heat,1949,114 min,"Action, Crime, Drama",8.1,Raoul Walsh,31593,0
326,The Third Man,1949,93 min,"Film-Noir, Mystery, Thriller",8.1,Carol Reed,165693,450000
327,The Red Shoes,1948,135 min,"Drama, Music, Romance",8.1,"Michael Powell, Emeric Pressburger",33168,10900000
328,The Best Years of Our Lives,1946,170 min,"Drama, Romance, War",8.1,William Wyler,61140,23650000
329,The Shop Around the Corner,1940,99 min,"Comedy, Drama, Romance",8.1,Ernst Lubitsch,30314,200000
330,Rebecca,1940,130 min,"Drama, Mystery, Romance",8.1,Alfred Hitchcock,131550,4360000
331,The Grapes of Wrath,1940,129 min,"Drama, History",8.1,John Ford,89672,60000
332,Mr. Smith Goes to Washington,1939,129 min,"Comedy, Drama",8.1,Frank Capra,111770,9600000
333,Gone with the Wind,1939,238 min,"Drama, History, Romance",8.1,"Victor Fleming, George Cukor, Sam Wood",302369,198680000
334,La Grande Illusion,1937,113 min,"Drama, War",8.1,Jean Renoir,35430,170000
335,It Happened One Night,1934,105 min,"Comedy, Romance",8.1,Frank Capra,99243,4360000
336,All Quiet on the Western Front,1930,152 min,"Drama, War",8.1,Lewis Milestone,59518,3270000
337,The Passion of Joan of Arc,1928,114 min,"Biography, Drama, History",8.1,Carl Theodor Dreyer,51709,20000
338,The Circus,1928,72 min,"Comedy, Romance",8.1,Charles Chaplin,32360,0
339,Sunrise,1927,94 min,"Drama, Romance",8.1,F.W. Murnau,49736,540000
340,The General,1926,67 min,"Action, Adventure, Comedy",8.1,"Clyde Bruckman, Buster Keaton",87188,1030000
341,The Cabinet of Dr. Caligari,1920,67 min,"Fantasy, Horror, Mystery",8.1,Robert Wiene,60705,0
342,Badhaai Ho,2018,124 min,"Comedy, Drama",8,Amit Ravindernath Sharma,31412,0
343,Super 30,2019,154 min,"Biography, Drama",8,Vikas Bahl,27072,2270000
344,Togo,2019,113 min,"Adventure, Biography, Drama",8,Ericson Core,43529,0
345,Airlift,2016,130 min,"Drama, History",8,Raja Menon,55255,0
346,Bajrangi Bhaijaan,2015,163 min,"Action, Adventure, Comedy",8,Kabir Khan,81182,8180000
347,Baby,2015,159 min,"Action, Thriller",8,Neeraj Pandey,55627,0
348,La La Land,2016,128 min,"Comedy, Drama, Music",8,Damien Chazelle,540643,151100000
349,Lion,2016,118 min,"Biography, Drama",8,Garth Davis,225453,51740000
350,The Martian,2015,144 min,"Adventure, Drama, Sci-Fi",8,Ridley Scott,799009,228430000
351,Zootopia,2016,108 min,"Animation, Adventure, Comedy",8,"Byron Howard, Rich Moore, Jared Bush",460863,341270000
352,Baahubali: The Beginning,2015,159 min,"Action, Drama",8,S.S. Rajamouli,108865,6740000
353,The Tale of The Princess Kaguya,2013,137 min,"Animation, Adventure, Drama",8,Isao Takahata,42788,1510000
354,Wonder,2017,113 min,"Drama, Family",8,Stephen Chbosky,153747,132420000
355,Special 26,2013,144 min,"Crime, Drama, Thriller",8,Neeraj Pandey,53967,1080000
356,Short Term 12,2013,96 min,Drama,8,Destin Daniel Cretton,85283,1010000
357,The Raid 2,2014,150 min,"Action, Crime, Thriller",8,Gareth Evans,118951,2630000
358,The Imitation Game,2014,114 min,"Biography, Drama, Thriller",8,Morten Tyldum,720853,91130000
359,Guardians of the Galaxy,2014,121 min,"Action, Adventure, Comedy",8,James Gunn,1098819,333180000
360,Blade Runner 2049,2017,164 min,"Action, Drama, Mystery",8,Denis Villeneuve,505463,92050000
361,Her,2013,126 min,"Drama, Romance, Sci-Fi",8,Spike Jonze,570398,25570000
362,The Revenant,2015,156 min,"Action, Adventure, Drama",8,Alejandro G. Iñárritu,746649,183640000
363,Elite Squad 2: The Enemy Within,2010,115 min,"Action, Crime, Drama",8,José Padilha,81252,100000
364,The King's Speech,2010,118 min,"Biography, Drama, History",8,Tom Hooper,658038,138800000
365,The Help,2011,146 min,Drama,8,Tate Taylor,440626,169710000
366,Deadpool,2016,108 min,"Action, Adventure, Comedy",8,Tim Miller,953955,363070000
367,Darbareye Elly,2009,119 min,"Drama, Mystery",8,Asghar Farhadi,50262,110000
368,Dev.D,2009,144 min,"Comedy, Drama, Romance",8,Anurag Kashyap,29879,10000
369,Ip Man,2008,106 min,"Action, Biography, Drama",8,Wilson Yip,217669,0
370,My Name Is Khan,2010,165 min,Drama,8,Karan Johar,102945,4020000
371,The Breath,2009,128 min,"Action, Drama, Thriller",8,"Levent Semerci, Erdem Can",32886,0
372,Slumdog Millionaire,2008,120 min,"Drama, Romance",8,"Danny Boyle, Loveleen Tandan",819740,141320000
373,Black Swan,2010,108 min,"Drama, Thriller",8,Darren Aronofsky,726627,106950000
374,Elite Squad,2007,115 min,"Action, Crime, Drama",8,José Padilha,100954,10000
375,The Avengers,2012,143 min,"Action, Adventure, Sci-Fi",8,Joss Whedon,1312639,623280000
376,Persepolis,2007,96 min,"Animation, Biography, Drama",8,"Vincent Paronnaud, Marjane Satrapi",92003,4450000
377,Dallas Buyers Club,2013,117 min,"Biography, Drama",8,Jean-Marc Vallée,463106,27300000
378,The Pursuit of Happyness,2006,117 min,"Biography, Drama",8,Gabriele Muccino,475573,163570000
379,Blood Diamond,2006,143 min,"Adventure, Drama, Thriller",8,Edward Zwick,521254,57370000
380,The Bourne Ultimatum,2007,115 min,"Action, Adventure, Mystery",8,Paul Greengrass,617648,227470000
381,3-Iron,2004,88 min,"Crime, Drama, Romance",8,Kim Ki-duk,53200,240000
382,Sin City,2005,124 min,"Crime, Thriller",8,"Frank Miller, Quentin Tarantino, Robert Rodriguez",751085,74100000
383,The Diving Bell and the Butterfly,2007,112 min,"Biography, Drama",8,Julian Schnabel,105835,5990000
384,Tae Guk Gi: The Brotherhood of War,2004,140 min,"Action, Drama, War",8,Je-kyu Kang,38927,1110000
385,G.O.R.A.,2004,127 min,"Adventure, Comedy, Sci-Fi",8,Ömer Faruk Sorak,59929,0
386,Ratatouille,2007,111 min,"Animation, Adventure, Comedy",8,"Brad Bird, Jan Pinkava",672446,206450000
387,Casino Royale,2006,144 min,"Action, Adventure, Thriller",8,Martin Campbell,617784,167450000
388,Kill Bill: Vol. 2,2004,137 min,"Action, Crime, Thriller",8,Quentin Tarantino,716607,66210000
389,The Return,2003,110 min,Drama,8,Andrey Zvyagintsev,44348,500000
390,"Spring, Summer, Fall, Winter... and Spring",2003,103 min,"Drama, Romance",8,Kim Ki-duk,80559,2380000
391,The Sea Inside,2004,126 min,"Biography, Drama",8,Alejandro Amenábar,79943,2090000
392,Cinderella Man,2005,144 min,"Biography, Drama, History",8,Ron Howard,181894,61650000
393,Infernal Affairs,2002,101 min,"Action, Crime, Drama",8,"Andrew Lau, Alan Mak",121607,170000
394,Pirates of the Caribbean: The Curse of the Black Pearl,2003,143 min,"Action, Adventure, Fantasy",8,Gore Verbinski,1048230,305410000
395,Big Fish,2003,125 min,"Adventure, Drama, Fantasy",8,Tim Burton,428329,66260000
396,The Incredibles,2004,115 min,"Animation, Action, Adventure",8,Brad Bird,683476,261440000
397,My Sassy Girl,2001,137 min,"Comedy, Drama, Romance",8,Jae-young Kwak,46919,0
398,Dogville,2003,178 min,"Crime, Drama",8,Lars von Trier,143908,1530000
399,Vizontele,2001,110 min,"Comedy, Drama",8,"Yilmaz Erdogan, Ömer Faruk Sorak",35339,0
400,Donnie Darko,2001,113 min,"Drama, Mystery, Sci-Fi",8,Richard Kelly,766230,1480000
401,Magnolia,1999,188 min,Drama,8,Paul Thomas Anderson,300664,22460000
402,Dancer in the Dark,2000,140 min,"Crime, Drama, Musical",8,Lars von Trier,106246,4180000
403,The Straight Story,1999,112 min,"Biography, Drama",8,David Lynch,87328,6200000
404,Perfect Blue,1997,81 min,"Animation, Crime, Mystery",8,Satoshi Kon,66470,780000
405,Central Station,1998,110 min,Drama,8,Walter Salles,38262,5600000
406,The Iron Giant,1999,86 min,"Animation, Action, Adventure",8,Brad Bird,181519,23160000
407,Sling Blade,1996,135 min,Drama,8,Billy Bob Thornton,91513,24480000
408,Secrets & Lies,1996,136 min,"Comedy, Drama",8,Mike Leigh,41448,13420000
409,12 Monkeys,1995,129 min,"Mystery, Sci-Fi, Thriller",8,Terry Gilliam,597449,57140000
410,Ghost in the Shell,1995,83 min,"Animation, Action, Crime",8,Mamoru Oshii,136301,520000
411,The Nightmare Before Christmas,1993,76 min,"Animation, Family, Fantasy",8,Henry Selick,312826,75080000
412,Groundhog Day,1993,101 min,"Comedy, Fantasy, Romance",8,Harold Ramis,597186,70910000
413,"Blood In, Blood Out",1993,180 min,"Crime, Drama",8,Taylor Hackford,30093,4500000
414,Scent of a Woman,1992,156 min,Drama,8,Martin Brest,279811,63900000
415,Aladdin,1992,90 min,"Animation, Adventure, Comedy",8,"Ron Clements, John Musker",388231,217350000
416,JFK,1991,189 min,"Drama, History, Thriller",8,Oliver Stone,148973,70410000
417,Beauty and the Beast,1991,84 min,"Animation, Family, Fantasy",8,"Gary Trousdale, Kirk Wise",429379,218970000
418,Dances with Wolves,1990,181 min,"Adventure, Drama, Western",8,Kevin Costner,251282,184210000
419,Do the Right Thing,1989,120 min,"Comedy, Drama",8,Spike Lee,96871,27550000
420,Rain Man,1988,133 min,Drama,8,Barry Levinson,491523,178800000
421,Akira,1988,124 min,"Animation, Action, Drama",8,Katsuhiro Ôtomo,174977,550000
422,Wings of Desire,1987,128 min,"Drama, Fantasy, Romance",8,Wim Wenders,68246,3330000
423,Au Revoir les Enfants,1987,104 min,"Drama, War",8,Louis Malle,32711,4540000
424,Castle in the Sky,1986,125 min,"Animation, Adventure, Drama",8,Hayao Miyazaki,158091,0
425,The Sacrifice,1986,149 min,Drama,8,Andrei Tarkovsky,26741,300000
426,The Terminator,1984,107 min,"Action, Sci-Fi",8,James Cameron,822766,38400000
427,Pink Floyd: The Wall,1982,95 min,"Drama, Fantasy, Music",8,Alan Parker,78751,22240000
428,Gandhi,1982,191 min,"Biography, Drama, History",8,Richard Attenborough,224009,52770000
429,Kagemusha,1980,162 min,"Drama, History, War",8,Akira Kurosawa,34328,0
430,Being There,1979,130 min,"Comedy, Drama",8,Hal Ashby,70068,30180000
431,Annie Hall,1977,93 min,"Comedy, Romance",8,Woody Allen,258645,39200000
432,All the President's Men,1976,138 min,"Biography, Drama, History",8,Alan J. Pakula,109926,70600000
433,Jaws,1975,124 min,"Adventure, Thriller",8,Steven Spielberg,567226,260000000
434,Dog Day Afternoon,1975,125 min,"Biography, Crime, Drama",8,Sidney Lumet,246677,50000000
435,Young Frankenstein,1974,106 min,Comedy,8,Mel Brooks,151182,86300000
436,Papillon,1973,151 min,"Biography, Crime, Drama",8,Franklin J. Schaffner,126697,53270000
437,The Exorcist,1973,122 min,Horror,8,William Friedkin,378311,232910000
438,Sleuth,1972,138 min,"Mystery, Thriller",8,Joseph L. Mankiewicz,46544,4080000
439,The Last Picture Show,1971,118 min,"Drama, Romance",8,Peter Bogdanovich,45249,29130000
440,Fiddler on the Roof,1971,181 min,"Drama, Family, Musical",8,Norman Jewison,41523,80500000
441,The Conformist,1970,113 min,Drama,8,Bernardo Bertolucci,29060,540000
442,Butch Cassidy and the Sundance Kid,1969,110 min,"Biography, Crime, Drama",8,George Roy Hill,209561,102310000
443,Rosemary's Baby,1968,137 min,"Drama, Horror",8,Roman Polanski,204692,0
444,Planet of the Apes,1968,112 min,"Adventure, Sci-Fi",8,Franklin J. Schaffner,172814,33400000
445,The Graduate,1967,106 min,"Comedy, Drama, Romance",8,Mike Nichols,263945,104950000
446,Who's Afraid of Virginia Woolf?,1966,131 min,Drama,8,Mike Nichols,72948,0
447,The Sound of Music,1965,172 min,"Biography, Drama, Family",8,Robert Wise,216738,163210000
448,Doctor Zhivago,1965,197 min,"Drama, Romance, War",8,David Lean,73016,111720000
449,A Fistful of Dollars,1964,99 min,"Action, Drama, Western",8,Sergio Leone,207613,14500000
450,8½,1963,138 min,Drama,8,Federico Fellini,113900,50000
451,Vivre Sa Vie,1962,85 min,Drama,8,Jean-Luc Godard,30145,0
452,The Hustler,1961,134 min,"Drama, Sport",8,Robert Rossen,79523,8280000
453,The Sweet Life,1960,174 min,"Comedy, Drama",8,Federico Fellini,70178,19520000
454,Rio Bravo,1959,141 min,"Action, Drama, Western",8,Howard Hawks,59392,12540000
455,Anatomy of a Murder,1959,161 min,"Drama, Mystery",8,Otto Preminger,63635,11900000
456,Touch of Evil,1958,95 min,"Crime, Drama, Film-Noir",8,Orson Welles,101791,2240000
457,Cat on a Hot Tin Roof,1958,108 min,Drama,8,Richard Brooks,47544,17570000
458,Sweet Smell of Success,1957,96 min,"Drama, Film-Noir",8,Alexander Mackendrick,30237,0
459,The Killing,1956,84 min,"Crime, Drama, Film-Noir",8,Stanley Kubrick,86098,0
460,The Night of the Hunter,1955,92 min,"Crime, Drama, Film-Noir",8,Charles Laughton,85846,650000
461,La Strada,1954,108 min,Drama,8,Federico Fellini,61041,0
462,Stalag 17,1953,120 min,"Comedy, Drama, War",8,Billy Wilder,54178,0
463,Roman Holiday,1953,118 min,"Comedy, Romance",8,William Wyler,133748,0
464,High Noon,1952,85 min,"Drama, Thriller, Western",8,Fred Zinnemann,101079,9450000
465,A Streetcar Named Desire,1951,122 min,Drama,8,Elia Kazan,104394,8000000
466,Strangers on a Train,1951,101 min,"Crime, Drama, Film-Noir",8,Alfred Hitchcock,129762,7630000
467,In a Lonely Place,1950,94 min,"Drama, Film-Noir, Mystery",8,Nicholas Ray,29315,0
468,Kind Hearts and Coronets,1949,106 min,"Comedy, Crime",8,Robert Hamer,36217,0
469,Rope,1948,80 min,"Crime, Drama, Mystery",8,Alfred Hitchcock,136709,0
470,Out of the Past,1947,97 min,"Crime, Drama, Film-Noir",8,Jacques Tourneur,35145,0
471,Notorious,1946,102 min,"Drama, Film-Noir, Romance",8,Alfred Hitchcock,97620,10460000
472,Brief Encounter,1945,86 min,"Drama, Romance",8,David Lean,38286,0
473,Laura,1944,88 min,"Drama, Film-Noir, Mystery",8,Otto Preminger,44994,4360000
474,Arsenic and Old Lace,1943,118 min,"Comedy, Crime, Thriller",8,Frank Capra,68713,0
475,The Maltese Falcon,1941,100 min,"Crime, Film-Noir, Mystery",8,John Huston,153829,2110000
476,The Wizard of Oz,1939,102 min,"Adventure, Family, Fantasy",8,"Victor Fleming, George Cukor, Mervyn LeRoy, Norman Taurog, Richard Thorpe, King Vidor",380444,2080000
477,The Rules of the Game,1939,110 min,"Comedy, Drama",8,Jean Renoir,28020,0
478,The Thin Man,1934,91 min,"Comedy, Crime, Mystery",8,W.S. Van Dyke,28187,0
479,Battleship Potemkin,1925,66 min,"Drama, History, Thriller",8,Sergei M. Eisenstein,55759,50000
480,Shang-Chi and the Legend of the Ten Rings,2021,132 min,"Action, Adventure, Fantasy",7.9,Destin Daniel Cretton,114031,0
481,Knives Out,2019,130 min,"Comedy, Crime, Drama",7.9,Rian Johnson,540206,165360000
482,Shoplifters,2018,121 min,"Crime, Drama",7.9,Hirokazu Koreeda,70277,3310000
483,Marriage Story,2019,137 min,"Comedy, Drama, Romance",7.9,Noah Baumbach,275364,2000000
484,Hindi Medium,2017,132 min,"Comedy, Drama",7.9,Saket Chaudhary,26216,0
485,Call Me by Your Name,2017,132 min,"Drama, Romance",7.9,Luca Guadagnino,238866,18100000
486,"I, Daniel Blake",2016,100 min,Drama,7.9,Ken Loach,57230,260000
487,Isle of Dogs,2018,101 min,"Animation, Adventure, Comedy",7.9,Wes Anderson,152616,32020000
488,Hunt for the Wilderpeople,2016,101 min,"Adventure, Comedy, Drama",7.9,Taika Waititi,121271,5200000
489,M.S. Dhoni: The Untold Story,2016,184 min,"Biography, Drama, Sport",7.9,Neeraj Pandey,48268,1780000
490,Captain Fantastic,2016,118 min,"Comedy, Drama",7.9,Matt Ross,206286,5880000
491,Sing Street,2016,106 min,"Comedy, Drama, Music",7.9,John Carney,89655,3240000
492,Thor: Ragnarok,2017,130 min,"Action, Adventure, Comedy",7.9,Taika Waititi,651945,315060000
493,Jojo Rabbit,2019,108 min,"Comedy, Drama, War",7.9,Taika Waititi,342225,350000
494,Arrival,2016,116 min,"Drama, Sci-Fi",7.9,Denis Villeneuve,639555,100550000
495,Gully Boy,2019,154 min,"Drama, Music, Romance",7.9,Zoya Akhtar,35995,5570000
496,Before Midnight,2013,109 min,"Drama, Romance",7.9,Richard Linklater,149345,8110000
497,X-Men: Days of Future Past,2014,132 min,"Action, Adventure, Sci-Fi",7.9,Bryan Singer,681558,233920000
498,Once Upon a Time in Anatolia,2011,157 min,"Crime, Drama",7.9,Nuri Bilge Ceylan,44655,140000
499,Bohemian Rhapsody,2018,134 min,"Biography, Drama, Music",7.9,Bryan Singer,491150,216430000
500,The Perks of Being a Wallflower,2012,103 min,"Drama, Romance",7.9,Stephen Chbosky,483377,17740000
501,The Artist,2011,100 min,"Comedy, Drama, Romance",7.9,Michel Hazanavicius,236404,44670000
502,Edge of Tomorrow,2014,113 min,"Action, Adventure, Sci-Fi",7.9,Doug Liman,634377,100210000
503,Amour,2012,127 min,Drama,7.9,Michael Haneke,96856,6740000
504,A Prophet,2009,155 min,"Crime, Drama",7.9,Jacques Audiard,96515,2080000
505,Let the Right One In,2008,114 min,"Crime, Drama, Fantasy",7.9,Tomas Alfredson,210843,2120000
506,District 9,2009,112 min,"Action, Sci-Fi, Thriller",7.9,Neill Blomkamp,656986,115650000
507,The Wrestler,2008,109 min,"Drama, Sport",7.9,Darren Aronofsky,297471,26240000
508,Jab We Met,2007,138 min,"Comedy, Drama, Romance",7.9,Imtiaz Ali,50381,410000
509,Boyhood,2014,165 min,Drama,7.9,Richard Linklater,345237,25380000
510,"4 Months, 3 Weeks and 2 Days",2007,113 min,Drama,7.9,Cristian Mungiu,58648,1190000
511,Star Trek,2009,127 min,"Action, Adventure, Sci-Fi",7.9,J.J. Abrams,591052,257730000
512,In Bruges,2008,107 min,"Comedy, Crime, Drama",7.9,Martin McDonagh,404370,7760000
513,The Man from Earth,2007,87 min,"Drama, Fantasy, Mystery",7.9,Richard Schenkman,181352,0
514,Letters from Iwo Jima,2006,141 min,"Action, Adventure, Drama",7.9,Clint Eastwood,158529,13760000
515,The Fall,2006,117 min,"Adventure, Drama, Fantasy",7.9,Tarsem Singh,109871,2280000
516,Life of Pi,2012,127 min,"Adventure, Drama, Fantasy",7.9,Ang Lee,601962,124990000
517,Fantastic Mr. Fox,2009,87 min,"Animation, Adventure, Comedy",7.9,Wes Anderson,213811,21000000
518,C.R.A.Z.Y.,2005,129 min,"Comedy, Drama",7.9,Jean-Marc Vallée,32094,0
519,The Chorus,2004,97 min,"Comedy, Drama, Music",7.9,Christophe Barratier,59705,3640000
520,Iron Man,2008,126 min,"Action, Adventure, Sci-Fi",7.9,Jon Favreau,988119,318410000
521,Shaun of the Dead,2004,99 min,"Comedy, Horror",7.9,Edgar Wright,532654,13540000
522,Kal Ho Naa Ho,2003,186 min,"Comedy, Drama, Musical",7.9,Nikkhil Advani,66449,1790000
523,Head-On,2004,121 min,"Drama, Romance",7.9,Fatih Akin,52929,0
524,Mystic River,2003,138 min,"Crime, Drama, Mystery",7.9,Clint Eastwood,438423,90140000
525,Harry Potter and the Prisoner of Azkaban,2004,142 min,"Adventure, Family, Fantasy",7.9,Alfonso Cuarón,583099,249360000
526,Hero,2002,120 min,"Action, Adventure, History",7.9,Yimou Zhang,177898,53710000
527,Millennium Actress,2001,87 min,"Animation, Drama, Fantasy",7.9,Satoshi Kon,25813,190000
528,Talk to Her,2002,112 min,"Drama, Mystery, Romance",7.9,Pedro Almodóvar,109021,9280000
529,No Man's Land,2001,98 min,"Comedy, Drama, War",7.9,Danis Tanovic,46132,1060000
530,Cowboy Bebop: The Movie,2001,115 min,"Animation, Action, Crime",7.9,"Shin'ichirô Watanabe, Tensai Okamura, Hiroyuki Okiura, Yoshiyuki Takei",45418,1000000
531,The Bourne Identity,2002,119 min,"Action, Mystery, Thriller",7.9,Doug Liman,525315,121660000
532,Nine Queens,2000,114 min,"Crime, Drama, Thriller",7.9,Fabián Bielinsky,51482,1220000
533,Children of Men,2006,109 min,"Action, Sci-Fi, Thriller",7.9,Alfonso Cuarón,480865,35550000
534,All About My Mother,1999,101 min,Drama,7.9,Pedro Almodóvar,93210,8260000
535,Almost Famous,2000,122 min,"Adventure, Comedy, Drama",7.9,Cameron Crowe,265785,32530000
536,Mulholland Drive,2001,147 min,"Drama, Mystery, Thriller",7.9,David Lynch,338908,7220000
537,Shrek,2001,90 min,"Animation, Adventure, Comedy",7.9,"Andrew Adamson, Vicky Jenson",640767,267670000
538,Toy Story 2,1999,92 min,"Animation, Adventure, Comedy",7.9,"John Lasseter, Ash Brannon, Lee Unkrich",550161,245850000
539,Knockin' on Heaven's Door,1997,87 min,"Action, Crime, Comedy",7.9,Thomas Jahn,29055,0
540,Boogie Nights,1997,155 min,Drama,7.9,Paul Thomas Anderson,251308,26400000
541,Whisper of the Heart,1995,111 min,"Animation, Drama, Family",7.9,Yoshifumi Kondô,57356,0
542,Once Were Warriors,1994,102 min,"Crime, Drama",7.9,Lee Tamahori,32898,2200000
543,True Romance,1993,119 min,"Crime, Drama, Romance",7.9,Tony Scott,217569,12280000
544,Three Colors: Blue,1993,94 min,"Drama, Music, Mystery",7.9,Krzysztof Kieslowski,96820,1320000
545,Ninja Scroll,1993,94 min,"Animation, Action, Adventure",7.9,Yoshiaki Kawajiri,36092,0
546,Carlito's Way,1993,144 min,"Crime, Drama, Thriller",7.9,Brian De Palma,209271,36950000
547,Edward Scissorhands,1990,105 min,"Drama, Fantasy, Romance",7.9,Tim Burton,463666,56360000
548,My Left Foot,1989,103 min,"Biography, Drama",7.9,Jim Sheridan,71510,14740000
549,Kiki's Delivery Service,1989,103 min,"Animation, Adventure, Drama",7.9,Hayao Miyazaki,133967,0
550,Crimes and Misdemeanors,1989,104 min,"Comedy, Drama",7.9,Woody Allen,56618,18250000
551,The Untouchables,1987,119 min,"Crime, Drama, Thriller",7.9,Brian De Palma,295807,76270000
552,Hannah and Her Sisters,1986,107 min,"Comedy, Drama",7.9,Woody Allen,69645,40080000
553,Brazil,1985,132 min,"Drama, Sci-Fi",7.9,Terry Gilliam,195288,9930000
554,This Is Spinal Tap,1984,82 min,"Comedy, Music",7.9,Rob Reiner,135119,4740000
555,A Christmas Story,1983,93 min,"Comedy, Family",7.9,Bob Clark,137143,20610000
556,The Blues Brothers,1980,133 min,"Action, Adventure, Comedy",7.9,John Landis,190802,57230000
557,Manhattan,1979,96 min,"Comedy, Drama, Romance",7.9,Woody Allen,136768,45700000
558,All That Jazz,1979,123 min,"Drama, Music, Musical",7.9,Bob Fosse,29953,37820000
559,Dawn of the Dead,1978,127 min,"Horror, Thriller",7.9,George A. Romero,116346,5100000
560,The Holy Mountain,1973,114 min,"Adventure, Drama, Fantasy",7.9,Alejandro Jodorowsky,40251,60000
561,Amarcord,1973,123 min,"Comedy, Drama",7.9,Federico Fellini,41918,580000
562,The Discreet Charm of the Bourgeoisie,1972,102 min,Comedy,7.9,Luis Buñuel,41180,200000
563,"Aguirre, the Wrath of God",1972,95 min,"Action, Adventure, Biography",7.9,Werner Herzog,55002,0
564,Harold and Maude,1971,91 min,"Comedy, Drama, Romance",7.9,Hal Ashby,75120,0
565,Patton,1970,172 min,"Biography, Drama, War",7.9,Franklin J. Schaffner,98924,61700000
566,The Wild Bunch,1969,135 min,"Action, Adventure, Western",7.9,Sam Peckinpah,81865,12060000
567,Night of the Living Dead,1968,96 min,"Horror, Thriller",7.9,George A. Romero,122605,90000
568,The Lion in Winter,1968,134 min,"Biography, Drama, History",7.9,Anthony Harvey,30427,22280000
569,In the Heat of the Night,1967,110 min,"Crime, Drama, Mystery",7.9,Norman Jewison,71147,24380000
570,In Cold Blood,1967,134 min,"Biography, Crime, Drama",7.9,Richard Brooks,25579,0
571,Charade,1963,113 min,"Comedy, Mystery, Romance",7.9,Stanley Donen,73231,13470000
572,The Manchurian Candidate,1962,126 min,"Drama, Thriller",7.9,John Frankenheimer,73714,0
573,Spartacus,1960,197 min,"Adventure, Biography, Drama",7.9,Stanley Kubrick,130253,30000000
574,L'Avventura,1960,144 min,"Drama, Mystery, Romance",7.9,Michelangelo Antonioni,28300,0
575,Hiroshima Mon Amour,1959,90 min,"Drama, Romance",7.9,Alain Resnais,30285,90000
576,The Ten Commandments,1956,220 min,"Adventure, Drama",7.9,Cecil B. DeMille,67388,93740000
577,The Searchers,1956,119 min,"Adventure, Drama, Western",7.9,John Ford,85580,0
578,East of Eden,1955,118 min,Drama,7.9,Elia Kazan,43766,0
579,The Big Heat,1953,89 min,"Crime, Film-Noir, Thriller",7.9,Fritz Lang,25410,0
580,Harvey,1950,104 min,"Comedy, Drama, Fantasy",7.9,Henry Koster,54231,0
581,The Asphalt Jungle,1950,112 min,"Crime, Drama, Film-Noir",7.9,John Huston,25559,0
582,Miracle on 34th Street,1947,96 min,"Comedy, Drama, Family",7.9,George Seaton,44194,2650000
583,The Big Sleep,1946,114 min,"Crime, Film-Noir, Mystery",7.9,Howard Hawks,82927,6540000
584,The Lost Weekend,1945,101 min,"Drama, Film-Noir",7.9,Billy Wilder,35525,9460000
585,Sullivan's Travels,1941,90 min,"Adventure, Comedy, Drama",7.9,Preston Sturges,25450,0
586,The Philadelphia Story,1940,112 min,"Comedy, Romance",7.9,George Cukor,66479,0
587,His Girl Friday,1940,92 min,"Comedy, Drama, Romance",7.9,Howard Hawks,56291,300000
588,Stagecoach,1939,96 min,"Adventure, Drama, Western",7.9,John Ford,46438,0
589,Bringing Up Baby,1938,102 min,"Comedy, Family, Romance",7.9,Howard Hawks,59168,0
590,The Adventures of Robin Hood,1938,102 min,"Action, Adventure, Romance",7.9,"Michael Curtiz, William Keighley",49295,3980000
591,A Night at the Opera,1935,96 min,"Comedy, Music, Musical",7.9,"Sam Wood, Edmund Goulding",31896,2540000
592,King Kong,1933,100 min,"Adventure, Horror, Sci-Fi",7.9,"Merian C. Cooper, Ernest B. Schoedsack",82780,10000000
593,Freaks,1932,64 min,"Drama, Horror",7.9,Tod Browning,44405,0
594,Nosferatu,1922,94 min,"Fantasy, Horror",7.9,F.W. Murnau,92762,0
595,The Gentlemen,2019,113 min,"Action, Comedy, Crime",7.8,Guy Ritchie,284227,0
596,Badla,2019,118 min,"Crime, Drama, Mystery",7.8,Sujoy Ghosh,25697,1860000
597,Raazi,2018,138 min,"Action, Drama, Thriller",7.8,Meghna Gulzar,28209,0
598,Sound of Metal,2019,120 min,"Drama, Music",7.8,Darius Marder,107282,0
599,Dunkirk,2017,106 min,"Action, Drama, History",7.8,Christopher Nolan,599836,188370000
600,Perfect Strangers,2016,96 min,"Comedy, Drama",7.8,Paolo Genovese,61094,0
601,Hidden Figures,2016,127 min,"Biography, Drama, History",7.8,Theodore Melfi,213262,169610000
602,Paddington 2,2017,103 min,"Animation, Adventure, Comedy",7.8,Paul King,68278,40440000
603,Udta Punjab,2016,148 min,"Action, Crime, Drama",7.8,Abhishek Chaubey,28940,0
604,Kubo and the Two Strings,2016,101 min,"Animation, Action, Adventure",7.8,Travis Knight,123659,48020000
605,Manchester by the Sea,2016,137 min,Drama,7.8,Kenneth Lonergan,262981,47700000
606,Land of Mine,2015,100 min,"Drama, History, War",7.8,Martin Zandvliet,38744,440000
607,Rogue One: A Star Wars Story,2016,133 min,"Action, Adventure, Sci-Fi",7.8,Gareth Edwards,582903,532180000
608,Captain America: Civil War,2016,147 min,"Action, Adventure, Sci-Fi",7.8,"Anthony Russo, Joe Russo",713107,408080000
609,The Hateful Eight,2015,168 min,"Crime, Drama, Mystery",7.8,Quentin Tarantino,554137,54120000
610,Little Women,2019,135 min,"Drama, Romance",7.8,Greta Gerwig,168363,108100000
611,Loving Vincent,2017,94 min,"Animation, Biography, Crime",7.8,"Dorota Kobiela, Hugh Welchman",54533,6740000
612,Pride,2014,119 min,"Biography, Comedy, Drama",7.8,Matthew Warchus,54490,0
613,Nightcrawler,2014,117 min,"Crime, Drama, Thriller",7.8,Dan Gilroy,498650,32380000
614,Star Wars: Episode VII - The Force Awakens,2015,138 min,"Action, Adventure, Sci-Fi",7.8,J.J. Abrams,887592,936660000
615,The Great Beauty,2013,141 min,Drama,7.8,Paolo Sorrentino,84870,2850000
616,The Lunchbox,2013,104 min,"Drama, Romance",7.8,Ritesh Batra,53512,4230000
617,Vicky Donor,2012,126 min,"Comedy, Romance",7.8,Shoojit Sircar,41659,170000
618,Big Hero 6,2014,102 min,"Animation, Action, Adventure",7.8,"Don Hall, Chris Williams",431288,222530000
619,Kai Po Che,2013,120 min,"Drama, Sport",7.8,Abhishek Kapoor,35461,1120000
620,About Time,2013,123 min,"Comedy, Drama, Fantasy",7.8,Richard Curtis,324369,15320000
621,English Vinglish,2012,134 min,"Comedy, Drama, Family",7.8,Gauri Shinde,35122,1670000
622,The Wind Rises,2013,126 min,"Animation, Biography, Drama",7.8,Hayao Miyazaki,79541,5210000
623,The Best Offer,2013,131 min,"Crime, Drama, Mystery",7.8,Giuseppe Tornatore,113725,90000
624,Moonrise Kingdom,2012,94 min,"Comedy, Drama, Romance",7.8,Wes Anderson,332712,45510000
625,How to Train Your Dragon 2,2014,102 min,"Animation, Action, Adventure",7.8,Dean DeBlois,318024,177000000
626,The Big Short,2015,130 min,"Biography, Comedy, Drama",7.8,Adam McKay,393108,70260000
627,I Saw the Devil,2010,144 min,"Action, Crime, Drama",7.8,Jee-woon Kim,120676,130000
628,The Girl with the Dragon Tattoo,2011,158 min,"Crime, Drama, Mystery",7.8,David Fincher,442155,102520000
629,Captain Phillips,2013,134 min,"Adventure, Biography, Crime",7.8,Paul Greengrass,439357,107100000
630,The Man from Nowhere,2010,119 min,"Action, Crime, Drama",7.8,Jeong-beom Lee,66557,10000
631,Straight Outta Compton,2015,147 min,"Biography, Drama, History",7.8,F. Gary Gray,189514,161200000
632,The Irishman,2019,209 min,"Biography, Crime, Drama",7.8,Martin Scorsese,353927,7000000
633,Mother,2009,129 min,"Crime, Drama, Mystery",7.8,Bong Joon Ho,58993,550000
634,The Chaser,2008,125 min,"Action, Crime, Thriller",7.8,Na Hong-jin,62547,0
635,Moon,2009,97 min,"Drama, Mystery, Sci-Fi",7.8,Duncan Jones,346507,5010000
636,The Hobbit: The Desolation of Smaug,2013,161 min,"Adventure, Fantasy",7.8,Peter Jackson,623984,258370000
637,The White Ribbon,2009,144 min,"Drama, History, Mystery",7.8,Michael Haneke,71309,2220000
638,The Girl with the Dragon Tattoo,2009,152 min,"Crime, Drama, Mystery",7.8,Niels Arden Oplev,212898,10100000
639,Skyfall,2012,143 min,"Action, Adventure, Thriller",7.8,Sam Mendes,662155,304360000
640,The Trial of the Chicago 7,2020,129 min,"Drama, History, Thriller",7.8,Aaron Sorkin,159813,0
641,Another Round,2020,117 min,"Comedy, Drama",7.8,Thomas Vinterberg,114314,0
642,The Fighter,2010,116 min,"Biography, Drama, Sport",7.8,David O. Russell,352414,93620000
643,Taken,2008,90 min,"Action, Crime, Thriller",7.8,Pierre Morel,582135,145000000
644,The Boy in the Striped Pajamas,2008,94 min,"Drama, History, War",7.8,Mark Herman,202839,9030000
645,Once,2007,86 min,"Drama, Music, Romance",7.8,John Carney,113740,9440000
646,The Hobbit: An Unexpected Journey,2012,169 min,"Adventure, Fantasy",7.8,Peter Jackson,782972,303000000
647,The Edge of Heaven,2007,122 min,Drama,7.8,Fatih Akin,31599,740000
648,Atonement,2007,123 min,"Drama, Mystery, Romance",7.8,Joe Wright,263897,50930000
649,Drive,2011,100 min,"Crime, Drama",7.8,Nicolas Winding Refn,597805,35060000
650,American Gangster,2007,157 min,"Biography, Crime, Drama",7.8,Ridley Scott,407747,130160000
651,Avatar,2009,162 min,"Action, Adventure, Fantasy",7.8,James Cameron,1160052,760510000
652,Mr. Nobody,2009,141 min,"Drama, Fantasy, Romance",7.8,Jaco Van Dormael,224880,0
653,Apocalypto,2006,139 min,"Action, Adventure, Drama",7.8,Mel Gibson,300695,50870000
654,Little Miss Sunshine,2006,101 min,"Comedy, Drama",7.8,"Jonathan Dayton, Valerie Faris",456205,59890000
655,Hot Fuzz,2007,121 min,"Action, Comedy, Mystery",7.8,Edgar Wright,483684,23640000
656,The Curious Case of Benjamin Button,2008,166 min,"Drama, Fantasy, Romance",7.8,David Fincher,616557,127510000
657,Veer Zaara,2004,192 min,"Drama, Family, Musical",7.8,Yash Chopra,51205,2920000
658,Adam's Apples,2005,94 min,"Comedy, Crime, Drama",7.8,Anders Thomas Jensen,48465,0
659,Pride & Prejudice,2005,129 min,"Drama, Romance",7.8,Joe Wright,274784,38410000
660,The World's Fastest Indian,2005,127 min,"Biography, Drama, Sport",7.8,Roger Donaldson,53520,5130000
661,Tokyo Godfathers,2003,92 min,"Animation, Adventure, Comedy",7.8,Satoshi Kon,34675,130000
662,Serenity,2005,119 min,"Action, Adventure, Sci-Fi",7.8,Joss Whedon,289685,25510000
663,Walk the Line,2005,136 min,"Biography, Drama, Music",7.8,James Mangold,242243,119520000
664,Evil,2003,113 min,Drama,7.8,Mikael Håfström,36856,20000
665,The Notebook,2004,123 min,"Drama, Romance",7.8,Nick Cassavetes,542676,81000000
666,The Motorcycle Diaries,2004,126 min,"Adventure, Biography, Drama",7.8,Walter Salles,99324,16760000
667,Lilya 4-Ever,2002,109 min,"Crime, Drama",7.8,Lukas Moodysson,44405,180000
668,The Triplets of Belleville,2003,80 min,"Animation, Comedy, Drama",7.8,Sylvain Chomet,53293,7000000
669,Joint Security Area,2000,110 min,"Action, Drama, Thriller",7.8,Park Chan-Wook,28488,0
670,Waking Life,2001,101 min,"Animation, Drama, Fantasy",7.8,Richard Linklater,62586,2890000
671,Remember the Titans,2000,113 min,"Biography, Drama, Sport",7.8,Boaz Yakin,205638,115650000
672,"Crouching Tiger, Hidden Dragon",2000,120 min,"Action, Adventure, Fantasy",7.8,Ang Lee,261376,128080000
673,Cast Away,2000,143 min,"Adventure, Drama, Romance",7.8,Robert Zemeckis,554832,233630000
674,The Insider,1999,157 min,"Biography, Drama, Thriller",7.8,Michael Mann,166439,28970000
675,October Sky,1999,108 min,"Biography, Drama, Family",7.8,Joe Johnston,87278,32480000
676,Titanic,1997,194 min,"Drama, Romance",7.8,James Cameron,1098846,659330000
677,Taste of Cherry,1997,95 min,Drama,7.8,Abbas Kiarostami,27565,310000
678,Fireworks,1997,103 min,"Crime, Drama, Romance",7.8,Takeshi Kitano,29374,230000
679,Gattaca,1997,106 min,"Drama, Sci-Fi, Thriller",7.8,Andrew Niccol,290959,12340000
680,Breaking the Waves,1996,159 min,Drama,7.8,Lars von Trier,64880,4040000
681,Ed Wood,1994,127 min,"Biography, Comedy, Drama",7.8,Tim Burton,171144,5890000
682,Tombstone,1993,130 min,"Action, Biography, Drama",7.8,"George P. Cosmatos, Kevin Jarre",136813,56510000
683,The Sandlot,1993,101 min,"Comedy, Drama, Family",7.8,David Mickey Evans,85061,32420000
684,The Remains of the Day,1993,134 min,"Drama, Romance",7.8,James Ivory,70276,22950000
685,Naked,1993,131 min,"Comedy, Drama",7.8,Mike Leigh,37228,1770000
686,The Fugitive,1993,130 min,"Action, Crime, Drama",7.8,Andrew Davis,280283,183880000
687,A Bronx Tale,1993,121 min,"Crime, Drama",7.8,Robert De Niro,134620,17270000
688,Batman: Mask of the Phantasm,1993,76 min,"Animation, Action, Crime",7.8,"Kevin Altieri, Boyd Kirkland, Frank Paur, Dan Riba, Eric Radomski, Bruce Timm",46869,5620000
689,Hard Boiled,1992,128 min,"Action, Crime, Thriller",7.8,John Woo,48832,0
690,The Double Life of Véronique,1991,98 min,"Drama, Fantasy, Music",7.8,Krzysztof Kieslowski,45701,2000000
691,Boyz n the Hood,1991,112 min,"Crime, Drama",7.8,John Singleton,133557,57500000
692,Dreams,1990,119 min,"Drama, Fantasy",7.8,"Akira Kurosawa, Ishirô Honda",25364,1960000
693,Misery,1990,107 min,"Drama, Thriller",7.8,Rob Reiner,196354,61280000
694,Awakenings,1990,121 min,"Biography, Drama",7.8,Penny Marshall,133506,52100000
695,Glory,1989,122 min,"Biography, Drama, History",7.8,Edward Zwick,130180,26830000
696,The Killer,1989,111 min,"Action, Crime, Drama",7.8,John Woo,47223,0
697,Back to the Future Part II,1989,108 min,"Adventure, Comedy, Sci-Fi",7.8,Robert Zemeckis,503382,118500000
698,Mississippi Burning,1988,128 min,"Crime, Drama, History",7.8,Alan Parker,95102,34600000
699,Predator,1987,107 min,"Action, Adventure, Sci-Fi",7.8,John McTiernan,388799,59740000
700,Ferris Bueller's Day Off,1986,103 min,Comedy,7.8,John Hughes,337162,70140000
701,The Goonies,1985,114 min,"Adventure, Comedy, Family",7.8,Richard Donner,256945,61500000
702,The Color Purple,1985,154 min,Drama,7.8,Steven Spielberg,82631,98470000
703,The Breakfast Club,1985,97 min,"Comedy, Drama",7.8,John Hughes,373739,45880000
704,The Killing Fields,1984,141 min,"Biography, Drama, History",7.8,Roland Joffé,53937,34700000
705,Ghostbusters,1984,105 min,"Action, Comedy, Fantasy",7.8,Ivan Reitman,375469,238630000
706,The Right Stuff,1983,193 min,"Adventure, Biography, Drama",7.8,Philip Kaufman,59653,21500000
707,The King of Comedy,1982,109 min,"Comedy, Crime, Drama",7.8,Martin Scorsese,96767,2500000
708,E.T. the Extra-Terrestrial,1982,115 min,"Family, Sci-Fi",7.8,Steven Spielberg,388638,435110000
709,Kramer vs. Kramer,1979,105 min,Drama,7.8,Robert Benton,139442,106260000
710,Days of Heaven,1978,94 min,"Drama, Romance",7.8,Terrence Malick,55765,0
711,The Outlaw Josey Wales,1976,135 min,Western,7.8,Clint Eastwood,70164,31800000
712,The Man Who Would Be King,1975,129 min,"Adventure, History, War",7.8,John Huston,47259,0
713,The Conversation,1974,113 min,"Drama, Mystery, Thriller",7.8,Francis Ford Coppola,106202,4420000
714,Fantastic Planet,1973,72 min,"Animation, Sci-Fi",7.8,René Laloux,28374,190000
715,The Day of the Jackal,1973,143 min,"Crime, Drama, Thriller",7.8,Fred Zinnemann,39350,16060000
716,Badlands,1973,94 min,"Action, Crime, Drama",7.8,Terrence Malick,70004,0
717,Cabaret,1972,124 min,"Drama, Music, Musical",7.8,Bob Fosse,52218,42770000
718,Willy Wonka & the Chocolate Factory,1971,100 min,"Family, Fantasy, Musical",7.8,Mel Stuart,189264,4000000
719,Midnight Cowboy,1969,113 min,Drama,7.8,John Schlesinger,106831,44790000
720,Wait Until Dark,1967,108 min,Thriller,7.8,Terence Young,29387,17550000
721,Guess Who's Coming to Dinner,1967,108 min,"Comedy, Drama",7.8,Stanley Kramer,42296,56700000
722,Bonnie and Clyde,1967,111 min,"Action, Biography, Crime",7.8,Arthur Penn,108502,0
723,The Umbrellas of Cherbourg,1964,91 min,"Drama, Musical, Romance",7.8,Jacques Demy,25787,30000
724,My Fair Lady,1964,170 min,"Drama, Family, Musical",7.8,George Cukor,91078,72000000
725,Mary Poppins,1964,139 min,"Comedy, Family, Fantasy",7.8,Robert Stevenson,164136,102270000
726,The Longest Day,1962,178 min,"Action, Drama, History",7.8,"Ken Annakin, Andrew Marton, Gerd Oswald, Bernhard Wicki, Darryl F. Zanuck",54041,39100000
727,Jules and Jim,1962,105 min,"Drama, Romance",7.8,François Truffaut,39767,0
728,The Innocents,1961,100 min,Horror,7.8,Jack Clayton,28887,2620000
729,Breathless,1960,90 min,"Crime, Drama",7.8,Jean-Luc Godard,77621,340000
730,The Quiet Man,1952,129 min,"Comedy, Drama, Romance",7.8,John Ford,36801,10550000
731,The African Queen,1951,105 min,"Adventure, Drama, Romance",7.8,John Huston,76176,540000
732,Red River,1948,133 min,"Action, Adventure, Drama",7.8,"Howard Hawks, Arthur Rosson",29838,0
733,Key Largo,1948,100 min,"Action, Crime, Drama",7.8,John Huston,39166,0
734,To Have and Have Not,1944,100 min,"Adventure, Comedy, Film-Noir",7.8,Howard Hawks,33046,0
735,Gaslight,1944,114 min,"Crime, Drama, Mystery",7.8,George Cukor,26689,0
736,Shadow of a Doubt,1943,108 min,"Film-Noir, Thriller",7.8,Alfred Hitchcock,62849,0
737,The Lady Vanishes,1938,96 min,"Mystery, Thriller",7.8,Alfred Hitchcock,50380,0
738,The Bride of Frankenstein,1935,75 min,"Drama, Horror, Sci-Fi",7.8,James Whale,46116,4360000
739,Duck Soup,1933,69 min,"Comedy, Musical",7.8,Leo McCarey,58857,0
740,Scarface,1932,93 min,"Action, Crime, Drama",7.8,"Howard Hawks, Richard Rosson",26933,0
741,Frankenstein,1931,70 min,"Drama, Horror, Sci-Fi",7.8,James Whale,68964,0
742,The Mitchells vs the Machines,2021,113 min,"Animation, Adventure, Comedy",7.7,"Michael Rianda, Jeff Rowe",77384,0
743,Roma,2018,135 min,Drama,7.7,Alfonso Cuarón,149126,0
744,God's Own Country,2017,104 min,"Drama, Romance",7.7,Francis Lee,28243,340000
745,Deadpool 2,2018,119 min,"Action, Adventure, Comedy",7.7,David Leitch,521857,324590000
746,Wind River,2017,107 min,"Crime, Drama, Mystery",7.7,Taylor Sheridan,226138,33800000
747,The Salesman,2016,124 min,Drama,7.7,Asghar Farhadi,56494,2400000
748,Get Out,2017,104 min,"Horror, Mystery, Thriller",7.7,Jordan Peele,534422,176040000
749,Mission: Impossible - Fallout,2018,147 min,"Action, Adventure, Thriller",7.7,Christopher McQuarrie,309512,220160000
750,A Man Called Ove,2015,116 min,"Comedy, Drama, Romance",7.7,Hannes Holm,51137,3360000
751,What We Do in the Shadows,2014,86 min,"Comedy, Horror",7.7,"Jemaine Clement, Taika Waititi",169619,3330000
752,When Marnie Was There,2014,103 min,"Animation, Drama, Family",7.7,Hiromasa Yonebayashi,36718,770000
753,The Theory of Everything,2014,123 min,"Biography, Drama, Romance",7.7,James Marsh,425433,35890000
754,Kingsman: The Secret Service,2014,129 min,"Action, Adventure, Comedy",7.7,Matthew Vaughn,619389,128260000
755,The Fault in Our Stars,2014,126 min,"Drama, Romance",7.7,Josh Boone,358497,124870000
756,Me and Earl and the Dying Girl,2015,105 min,"Comedy, Drama",7.7,Alfonso Gomez-Rejon,127594,6740000
757,Birdman or (The Unexpected Virtue of Ignorance),2014,119 min,"Comedy, Drama",7.7,Alejandro G. Iñárritu,603091,42340000
758,The Past,2013,130 min,"Drama, Mystery",7.7,Asghar Farhadi,47471,1330000
759,Blue Is the Warmest Colour,2013,180 min,"Drama, Romance",7.7,Abdellatif Kechiche,145050,2200000
760,The Broken Circle Breakdown,2012,111 min,"Drama, Music, Romance",7.7,Felix van Groeningen,40442,180000
761,Toy Story 4,2019,100 min,"Animation, Adventure, Comedy",7.7,Josh Cooley,224444,434040000
762,Captain America: The Winter Soldier,2014,136 min,"Action, Adventure, Sci-Fi",7.7,"Anthony Russo, Joe Russo",781325,259770000
763,Rockstar,2011,159 min,"Drama, Music, Romance",7.7,Imtiaz Ali,42151,990000
764,Nebraska,2013,115 min,"Adventure, Comedy, Drama",7.7,Alexander Payne,115481,17650000
765,Wreck-It Ralph,2012,101 min,"Animation, Adventure, Comedy",7.7,Rich Moore,397667,189420000
766,The Little Prince,2015,108 min,"Animation, Adventure, Drama",7.7,Mark Osborne,59504,1340000
767,Detachment,2011,98 min,Drama,7.7,Tony Kaye,80953,70000
768,Midnight in Paris,2011,94 min,"Comedy, Fantasy, Romance",7.7,Woody Allen,404364,56820000
769,Confessions,2010,106 min,"Drama, Thriller",7.7,Tetsuya Nakashima,37561,0
770,The Lego Movie,2014,100 min,"Animation, Adventure, Comedy",7.7,"Christopher Miller, Phil Lord",336103,257760000
771,Gravity,2013,91 min,"Adventure, Drama, Sci-Fi",7.7,Alfonso Cuarón,793773,274090000
772,Star Trek Into Darkness,2013,132 min,"Action, Adventure, Sci-Fi",7.7,J.J. Abrams,473056,228780000
773,Beasts of No Nation,2015,137 min,"Drama, War",7.7,Cary Joji Fukunaga,77966,80000
774,The Social Network,2010,120 min,"Biography, Drama",7.7,David Fincher,657547,96960000
775,X-Men: First Class,2011,131 min,"Action, Adventure, Sci-Fi",7.7,Matthew Vaughn,664714,146410000
776,The Hangover,2009,100 min,Comedy,7.7,Todd Phillips,745618,277320000
777,Silver Linings Playbook,2012,122 min,"Comedy, Drama, Romance",7.7,David O. Russell,682632,132090000
778,Argo,2012,120 min,"Biography, Drama, Thriller",7.7,Ben Affleck,592117,136030000
779,500 Days of Summer,2009,95 min,"Comedy, Drama, Romance",7.7,Marc Webb,489933,32390000
780,Harry Potter and the Deathly Hallows: Part 1,2010,146 min,"Adventure, Fantasy, Mystery",7.7,David Yates,505405,295980000
781,Ponyo,2008,101 min,"Animation, Adventure, Comedy",7.7,Hayao Miyazaki,133933,15090000
782,Frost/Nixon,2008,122 min,"Biography, Drama, History",7.7,Ron Howard,105991,18590000
783,Paprika,2006,90 min,"Animation, Drama, Fantasy",7.7,Satoshi Kon,77256,880000
784,Changeling,2008,141 min,"Biography, Crime, Drama",7.7,Clint Eastwood,247310,35740000
785,Flipped,2010,90 min,"Comedy, Drama, Romance",7.7,Rob Reiner,86763,1750000
786,The Girl Who Leapt Through Time,2006,98 min,"Animation, Adventure, Comedy",7.7,Mamoru Hosoda,63436,0
787,This Is England,2006,101 min,"Crime, Drama",7.7,Shane Meadows,119069,330000
788,Ex Machina,2014,108 min,"Drama, Sci-Fi, Thriller",7.7,Alex Garland,504740,25440000
789,After the Wedding,2006,120 min,Drama,7.7,Susanne Bier,33669,410000
790,The Last King of Scotland,2006,123 min,"Biography, Drama, History",7.7,Kevin Macdonald,181417,17610000
791,Zodiac,2007,157 min,"Crime, Drama, Mystery",7.7,David Fincher,500294,33080000
792,Lucky Number Slevin,2006,110 min,"Crime, Drama, Thriller",7.7,Paul McGuigan,306439,22490000
793,Joyeux Noel,2005,116 min,"Drama, History, Music",7.7,Christian Carion,28772,1050000
794,Control,2007,122 min,"Biography, Drama, Music",7.7,Anton Corbijn,63559,870000
795,Tangled,2010,100 min,"Animation, Adventure, Comedy",7.7,"Nathan Greno, Byron Howard",424837,200820000
796,Black Book,2006,145 min,"Drama, Thriller, War",7.7,Paul Verhoeven,74867,4400000
797,Brokeback Mountain,2005,134 min,"Drama, Romance",7.7,Ang Lee,339684,83040000
798,3:10 to Yuma,2007,122 min,"Action, Crime, Drama",7.7,James Mangold,298867,53610000
799,Crash,2004,112 min,"Crime, Drama, Thriller",7.7,Paul Haggis,428002,54580000
800,Kung Fu Hustle,2004,99 min,"Action, Comedy, Fantasy",7.7,Stephen Chow,133369,17110000
801,The Bourne Supremacy,2004,108 min,"Action, Mystery, Thriller",7.7,Paul Greengrass,447542,176240000
802,The Machinist,2004,101 min,"Drama, Thriller",7.7,Brad Anderson,372245,1080000
803,Ray,2004,152 min,"Biography, Drama, Music",7.7,Taylor Hackford,143303,75330000
804,Lost in Translation,2003,102 min,"Comedy, Drama",7.7,Sofia Coppola,434273,44590000
805,Harry Potter and the Goblet of Fire,2005,157 min,"Adventure, Family, Fantasy",7.7,Mike Newell,576909,290010000
806,Man on Fire,2004,146 min,"Action, Crime, Drama",7.7,Tony Scott,346286,77910000
807,Coraline,2009,100 min,"Animation, Drama, Family",7.7,Henry Selick,210061,75290000
808,The Last Samurai,2003,154 min,"Action, Drama",7.7,Edward Zwick,417107,111110000
809,The Magdalene Sisters,2002,114 min,Drama,7.7,Peter Mullan,26745,4890000
810,Finding Neverland,2004,106 min,"Biography, Drama, Family",7.7,Marc Forster,202676,51680000
811,Good Bye Lenin!,2003,121 min,"Comedy, Drama, Romance",7.7,Wolfgang Becker,142083,4060000
812,In America,2002,105 min,Drama,7.7,Jim Sheridan,42505,15540000
813,Adaptation.,2002,115 min,"Comedy, Drama",7.7,Spike Jonze,186602,22250000
814,Black Hawk Down,2001,144 min,"Drama, History, War",7.7,Ridley Scott,378540,108640000
815,Road to Perdition,2002,117 min,"Crime, Drama, Thriller",7.7,Sam Mendes,257860,104450000
816,The Experiment,2001,120 min,"Drama, Thriller",7.7,Oliver Hirschbiegel,92546,140000
817,Billy Elliot,2000,110 min,"Drama, Music",7.7,Stephen Daldry,130847,22000000
818,Hedwig and the Angry Inch,2001,95 min,"Comedy, Drama, Music",7.7,John Cameron Mitchell,34613,3030000
819,The Count of Monte Cristo,2002,134 min,"Action, Adventure, Drama",7.7,Kevin Reynolds,133503,54230000
820,Ocean's Eleven,2001,116 min,"Crime, Thriller",7.7,Steven Soderbergh,541291,183420000
821,Vampire Hunter D: Bloodlust,2000,103 min,"Animation, Action, Fantasy",7.7,"Jack Fletcher, Yoshiaki Kawajiri",30691,150000
822,"O Brother, Where Art Thou?",2000,107 min,"Adventure, Comedy, Crime",7.7,"Joel Coen, Ethan Coen",299070,45510000
823,Interstate 60: Episodes of the Road,2002,116 min,"Adventure, Comedy, Drama",7.7,Bob Gale,31303,0
824,"South Park: Bigger, Longer & Uncut",1999,81 min,"Animation, Comedy, Fantasy",7.7,Trey Parker,198752,52040000
825,Office Space,1999,89 min,Comedy,7.7,Mike Judge,253024,10820000
826,Happiness,1998,134 min,"Comedy, Drama",7.7,Todd Solondz,68521,2810000
827,The Boondock Saints,1999,108 min,"Action, Crime, Thriller",7.7,Troy Duffy,233312,30000
828,Training Day,2001,122 min,"Crime, Drama, Thriller",7.7,Antoine Fuqua,411289,76630000
829,Run Lola Run,1998,80 min,"Crime, Drama, Thriller",7.7,Tom Tykwer,194262,7270000
830,Rushmore,1998,93 min,"Comedy, Drama, Romance",7.7,Wes Anderson,176773,17110000
831,Open Your Eyes,1997,119 min,"Drama, Mystery, Sci-Fi",7.7,Alejandro Amenábar,67541,370000
832,Being John Malkovich,1999,113 min,"Comedy, Drama, Fantasy",7.7,Spike Jonze,324031,22860000
833,As Good as It Gets,1997,139 min,"Comedy, Drama, Romance",7.7,James L. Brooks,288142,148480000
834,The Game,1997,129 min,"Action, Drama, Mystery",7.7,David Fincher,371204,48320000
835,The Fifth Element,1997,126 min,"Action, Adventure, Sci-Fi",7.7,Luc Besson,450811,63540000
836,Le Dîner de Cons,1998,80 min,Comedy,7.7,Francis Veber,40192,4070000
837,Donnie Brasco,1997,127 min,"Biography, Crime, Drama",7.7,Mike Newell,292344,41910000
838,Happy Together,1997,96 min,"Drama, Romance",7.7,Kar-Wai Wong,26014,190000
839,Shine,1996,105 min,"Biography, Drama, Music",7.7,Scott Hicks,53026,35810000
840,Primal Fear,1996,129 min,"Crime, Drama, Mystery",7.7,Gregory Hoblit,201301,56120000
841,Hamlet,1996,242 min,Drama,7.7,Kenneth Branagh,37189,4410000
842,Sense and Sensibility,1995,136 min,"Drama, Romance",7.7,Ang Lee,109755,43180000
843,A Little Princess,1995,97 min,"Drama, Family, Fantasy",7.7,Alfonso Cuarón,33476,10020000
844,Fallen Angels,1995,99 min,"Comedy, Crime, Drama",7.7,Kar-Wai Wong,33317,0
845,The Postman,1994,108 min,"Biography, Comedy, Drama",7.7,"Michael Radford, Massimo Troisi",35215,21850000
846,Clerks,1994,92 min,Comedy,7.7,Kevin Smith,216858,3150000
847,What's Eating Gilbert Grape,1993,118 min,Drama,7.7,Lasse Hallström,226015,9170000
848,Short Cuts,1993,188 min,"Comedy, Drama",7.7,Robert Altman,43798,6110000
849,Philadelphia,1993,125 min,Drama,7.7,Jonathan Demme,232779,77320000
850,The Muppet Christmas Carol,1992,85 min,"Comedy, Drama, Family",7.7,Brian Henson,52057,27280000
851,Malcolm X,1992,202 min,"Biography, Drama, History",7.7,Spike Lee,90645,48170000
852,The Last of the Mohicans,1992,112 min,"Action, Adventure, Drama",7.7,Michael Mann,160102,75510000
853,Porco Rosso,1992,94 min,"Animation, Adventure, Comedy",7.7,Hayao Miyazaki,83702,0
854,Glengarry Glen Ross,1992,100 min,"Crime, Drama, Mystery",7.7,James Foley,101188,10730000
855,A Few Good Men,1992,138 min,"Drama, Thriller",7.7,Rob Reiner,248289,141340000
856,Night on Earth,1991,129 min,"Comedy, Drama",7.7,Jim Jarmusch,58198,2020000
857,Fried Green Tomatoes,1991,130 min,Drama,7.7,Jon Avnet,71053,82420000
858,Barton Fink,1991,116 min,"Comedy, Drama, Thriller",7.7,"Joel Coen, Ethan Coen",117363,6150000
859,Miller's Crossing,1990,115 min,"Crime, Drama, Thriller",7.7,"Joel Coen, Ethan Coen",131280,5080000
860,Who Framed Roger Rabbit,1988,104 min,"Animation, Adventure, Comedy",7.7,Robert Zemeckis,191463,156450000
861,The Vanishing,1988,107 min,"Mystery, Thriller",7.7,George Sluizer,37102,0
862,The Last Emperor,1987,163 min,"Biography, Drama, History",7.7,Bernardo Bertolucci,98945,43980000
863,Evil Dead II,1987,84 min,"Comedy, Horror",7.7,Sam Raimi,155221,5920000
864,Empire of the Sun,1987,153 min,"Action, Drama, History",7.7,Steven Spielberg,120648,22240000
865,The Name of the Rose,1986,130 min,"Crime, Drama, Mystery",7.7,Jean-Jacques Annaud,105465,7150000
866,Down by Law,1986,107 min,"Comedy, Crime, Drama",7.7,Jim Jarmusch,50074,1440000
867,Blue Velvet,1986,120 min,"Drama, Mystery, Thriller",7.7,David Lynch,189893,8550000
868,The Purple Rose of Cairo,1985,82 min,"Comedy, Fantasy, Romance",7.7,Woody Allen,50124,10630000
869,After Hours,1985,97 min,"Comedy, Crime, Drama",7.7,Martin Scorsese,64975,10600000
870,Zelig,1983,79 min,Comedy,7.7,Woody Allen,41212,11800000
871,The Verdict,1982,129 min,Drama,7.7,Sidney Lumet,38242,54000000
872,Star Trek II: The Wrath of Khan,1982,113 min,"Action, Adventure, Sci-Fi",7.7,Nicholas Meyer,116887,78910000
873,First Blood,1982,93 min,"Action, Adventure",7.7,Ted Kotcheff,239031,47210000
874,Ordinary People,1980,124 min,Drama,7.7,Robert Redford,49707,54800000
875,Airplane!,1980,88 min,Comedy,7.7,"Jim Abrahams, David Zucker, Jerry Zucker",225455,83400000
876,Halloween,1978,91 min,"Horror, Thriller",7.7,John Carpenter,251827,47000000
877,The Tenant,1976,126 min,"Drama, Thriller",7.7,Roman Polanski,42241,1920000
878,Love and Death,1975,85 min,"Comedy, War",7.7,Woody Allen,37553,0
879,The Taking of Pelham One Two Three,1974,104 min,"Action, Crime, Thriller",7.7,Joseph Sargent,29085,2490000
880,Blazing Saddles,1974,93 min,"Comedy, Western",7.7,Mel Brooks,132169,119500000
881,Serpico,1973,113 min,"Biography, Crime, Drama",7.7,Sidney Lumet,117266,29800000
882,Enter the Dragon,1973,102 min,"Action, Crime, Drama",7.7,Robert Clouse,101173,25000000
883,Deliverance,1972,109 min,"Adventure, Drama, Thriller",7.7,John Boorman,103763,7060000
884,The French Connection,1971,104 min,"Action, Crime, Drama",7.7,William Friedkin,116280,15630000
885,Dirty Harry,1971,102 min,"Action, Crime, Thriller",7.7,"Don Siegel, Clint Eastwood",149840,35900000
886,The Odd Couple,1968,105 min,Comedy,7.7,Gene Saks,33574,44530000
887,The Dirty Dozen,1967,150 min,"Action, Adventure, War",7.7,Robert Aldrich,70160,45300000
888,Belle de Jour,1967,100 min,"Drama, Romance",7.7,Luis Buñuel,42547,30000
889,A Man for All Seasons,1966,120 min,"Biography, Drama, History",7.7,Fred Zinnemann,33356,28350000
890,Repulsion,1965,105 min,"Drama, Horror, Thriller",7.7,Roman Polanski,51372,0
891,Zulu,1964,138 min,"Drama, History, War",7.7,Cy Endfield,37820,0
892,Goldfinger,1964,110 min,"Action, Adventure, Thriller",7.7,Guy Hamilton,181931,51080000
893,The Birds,1963,119 min,"Drama, Horror, Mystery",7.7,Alfred Hitchcock,180341,11400000
894,Cape Fear,1962,106 min,"Drama, Thriller",7.7,J. Lee Thompson,27911,0
895,Peeping Tom,1960,101 min,"Drama, Horror, Thriller",7.7,Michael Powell,33583,80000
896,The Magnificent Seven,1960,128 min,"Action, Adventure, Western",7.7,John Sturges,91671,4910000
897,Eyes Without a Face,1960,90 min,"Drama, Horror",7.7,Georges Franju,29802,50000
898,Invasion of the Body Snatchers,1956,80 min,"Drama, Horror, Sci-Fi",7.7,Don Siegel,47427,0
899,Rebel Without a Cause,1955,111 min,Drama,7.7,Nicholas Ray,87180,0
900,The Ladykillers,1955,91 min,"Comedy, Crime",7.7,Alexander Mackendrick,28250,0
901,The Caine Mutiny,1954,125 min,"Drama, War",7.7,Edward Dmytryk,26806,21750000
902,The Day the Earth Stood Still,1951,92 min,"Drama, Sci-Fi",7.7,Robert Wise,79782,0
903,Fantasia,1940,125 min,"Animation, Family, Fantasy",7.7,"James Algar, Samuel Armstrong, Ford Beebe Jr., Norman Ferguson, David Hand, Jim Handley, T. Hee, Wilfred Jackson, Hamilton Luske, Bill Roberts, Paul Satterfield, Ben Sharpsteen",92199,76410000
904,The Invisible Man,1933,71 min,"Horror, Sci-Fi",7.7,James Whale,33002,0
905,Dark Waters,2019,126 min,"Biography, Drama, History",7.6,Todd Haynes,74635,0
906,Searching,2018,102 min,"Drama, Mystery, Thriller",7.6,Aneesh Chaganty,152910,26020000
907,Once Upon a Time... In Hollywood,2019,161 min,"Comedy, Drama",7.6,Quentin Tarantino,645491,142500000
908,Loveless,2017,127 min,Drama,7.6,Andrey Zvyagintsev,31811,570000
909,Train to Busan,2016,118 min,"Action, Horror, Thriller",7.6,Sang-ho Yeon,191825,2130000
910,The Florida Project,2017,111 min,Drama,7.6,Sean Baker,104304,5900000
911,Just Mercy,2019,137 min,"Biography, Crime, Drama",7.6,Destin Daniel Cretton,57427,0
912,Gifted,2017,101 min,Drama,7.6,Marc Webb,108252,24800000
913,The Peanut Butter Falcon,2019,97 min,"Adventure, Comedy, Drama",7.6,"Tyler Nilson, Michael Schwartz",83043,13120000
914,Victoria,2015,138 min,"Crime, Drama, Romance",7.6,Sebastian Schipper,56128,0
915,Guardians of the Galaxy Vol. 2,2017,136 min,"Action, Adventure, Comedy",7.6,James Gunn,614620,389810000
916,Only the Brave,2017,134 min,"Action, Biography, Drama",7.6,Joseph Kosinski,63996,18340000
917,Incredibles 2,2018,118 min,"Animation, Action, Adventure",7.6,Brad Bird,270590,608580000
918,Moana,2016,107 min,"Animation, Adventure, Comedy",7.6,"Ron Clements, John Musker, Don Hall, Chris Williams",299068,248760000
919,Sicario,2015,121 min,"Action, Crime, Drama",7.6,Denis Villeneuve,398011,46890000
920,Creed,2015,133 min,"Drama, Sport",7.6,Ryan Coogler,259553,109770000
921,Leviathan,2014,140 min,"Crime, Drama",7.6,Andrey Zvyagintsev,51676,1090000
922,Hell or High Water,2016,102 min,"Action, Crime, Drama",7.6,David Mackenzie,215341,26860000
923,Philomena,2013,98 min,"Biography, Comedy, Drama",7.6,Stephen Frears,97379,37710000
924,The Body,2012,112 min,"Mystery, Thriller",7.6,Oriol Paulo,62164,0
925,The Raid: Redemption,2011,101 min,"Action, Thriller",7.6,Gareth Evans,197532,4110000
926,End of Watch,2012,109 min,"Action, Crime, Drama",7.6,David Ayer,236579,41000000
927,A Star Is Born,2018,136 min,"Drama, Music, Romance",7.6,Bradley Cooper,357709,215290000
928,True Grit,2010,110 min,"Drama, Western",7.6,"Ethan Coen, Joel Coen",324469,171240000
929,In a Better World,2010,118 min,"Drama, Romance",7.6,Susanne Bier,39450,1010000
930,Despicable Me,2010,95 min,"Animation, Adventure, Comedy",7.6,"Pierre Coffin, Chris Renaud",518799,251510000
931,50/50,2011,100 min,"Comedy, Drama, Romance",7.6,Jonathan Levine,322818,35010000
932,Celda 211,2009,113 min,"Action, Adventure, Crime",7.6,Daniel Monzón,65969,0
933,Moneyball,2011,133 min,"Biography, Drama, Sport",7.6,Bennett Miller,393362,75610000
934,The Skin I Live In,2011,120 min,"Drama, Horror, Thriller",7.6,Pedro Almodóvar,145824,3190000
935,Zombieland,2009,88 min,"Adventure, Comedy, Horror",7.6,Ruben Fleischer,544590,75590000
936,The Wave,2008,107 min,"Drama, Thriller",7.6,Dennis Gansel,106059,0
937,Sherlock Holmes,2009,128 min,"Action, Adventure, Mystery",7.6,Guy Ritchie,604943,209030000
938,The Blind Side,2009,129 min,"Biography, Drama, Sport",7.6,John Lee Hancock,309569,255960000
939,Seven Pounds,2008,123 min,Drama,7.6,Gabriele Muccino,294554,69950000
940,Eastern Promises,2007,100 min,"Action, Crime, Drama",7.6,David Cronenberg,235242,17110000
941,Stardust,2007,127 min,"Adventure, Family, Fantasy",7.6,Matthew Vaughn,263732,38630000
942,The Secret of Kells,2009,75 min,"Animation, Adventure, Family",7.6,"Tomm Moore, Nora Twomey",33946,690000
943,Inside Man,2006,129 min,"Crime, Drama, Mystery",7.6,Spike Lee,355247,88510000
944,Gone Baby Gone,2007,114 min,"Crime, Drama, Mystery",7.6,Ben Affleck,263168,20300000
945,Dead Man's Shoes,2004,90 min,"Crime, Drama, Thriller",7.6,Shane Meadows,51825,10000
946,Harry Potter and the Half-Blood Prince,2009,153 min,"Action, Adventure, Family",7.6,David Yates,502018,301960000
947,300,2006,117 min,"Action, Drama",7.6,Zack Snyder,759277,210610000
948,Match Point,2005,124 min,"Drama, Romance, Thriller",7.6,Woody Allen,212440,23090000
949,Watchmen,2009,162 min,"Action, Drama, Mystery",7.6,Zack Snyder,527833,107510000
950,Saw,2004,103 min,"Horror, Mystery, Thriller",7.6,James Wan,398941,56000000
951,Mysterious Skin,2004,105 min,Drama,7.6,Gregg Araki,67679,700000
952,A Very Long Engagement,2004,133 min,"Drama, Mystery, Romance",7.6,Jean-Pierre Jeunet,72393,6170000
953,The Station Agent,2003,89 min,"Comedy, Drama",7.6,Tom McCarthy,69066,5740000
954,21 Grams,2003,124 min,"Crime, Drama, Thriller",7.6,Alejandro G. Iñárritu,231172,16290000
955,Sympathy for Mr. Vengeance,2002,129 min,"Crime, Drama, Thriller",7.6,Park Chan-Wook,65989,50000
956,25th Hour,2002,135 min,Drama,7.6,Spike Lee,175038,13060000
957,The Butterfly Effect,2004,113 min,"Drama, Sci-Fi, Thriller",7.6,"Eric Bress, J. Mackye Gruber",468178,57940000
958,I Am Sam,2001,132 min,Drama,7.6,Jessie Nelson,147032,40310000
959,Battle Royale,2000,114 min,"Action, Adventure, Drama",7.6,Kinji Fukasaku,176729,0
960,The Royal Tenenbaums,2001,110 min,"Comedy, Drama",7.6,Wes Anderson,277626,52360000
961,Y tu mamá también,2001,106 min,Drama,7.6,Alfonso Cuarón,119615,13620000
962,Harry Potter and the Sorcerer's Stone,2001,152 min,"Adventure, Family, Fantasy",7.6,Chris Columbus,703517,317580000
963,The Others,2001,104 min,"Horror, Mystery, Thriller",7.6,Alejandro Amenábar,352033,96520000
964,Minority Report,2002,145 min,"Action, Crime, Mystery",7.6,Steven Spielberg,528207,132070000
965,American Psycho,2000,101 min,"Comedy, Crime, Drama",7.6,Mary Harron,529525,15070000
966,The Thin Red Line,1998,170 min,"Drama, History, War",7.6,Terrence Malick,180819,36400000
967,Mulan,1998,88 min,"Animation, Adventure, Comedy",7.6,"Tony Bancroft, Barry Cook",269820,120620000
968,Dark City,1998,100 min,"Fantasy, Mystery, Sci-Fi",7.6,Alex Proyas,194180,14380000
969,Lost Highway,1997,134 min,"Mystery, Thriller",7.6,David Lynch,136830,3800000
970,Die Hard with a Vengeance,1995,128 min,"Action, Adventure, Thriller",7.6,John McTiernan,374604,100010000
971,The Bridges of Madison County,1995,135 min,"Drama, Romance",7.6,Clint Eastwood,77364,71520000
972,Apollo 13,1995,140 min,"Adventure, Drama, History",7.6,Ron Howard,281782,173840000
973,Three Colors: White,1994,92 min,"Comedy, Drama, Romance",7.6,Krzysztof Kieslowski,69912,1460000
974,Dazed and Confused,1993,102 min,Comedy,7.6,Richard Linklater,174675,7990000
975,My Cousin Vinny,1992,120 min,"Comedy, Crime",7.6,Jonathan Lynn,115231,52930000
976,Only Yesterday,1991,118 min,"Animation, Drama, Romance",7.6,Isao Takahata,29793,450000
977,Home Alone,1990,103 min,"Comedy, Family",7.6,Chris Columbus,510109,285760000
978,When Harry Met Sally...,1989,95 min,"Comedy, Drama, Romance",7.6,Rob Reiner,206542,92820000
979,The Naked Gun: From the Files of Police Squad!,1988,85 min,"Comedy, Crime",7.6,David Zucker,160996,78760000
980,Withnail & I,1987,107 min,"Comedy, Drama",7.6,Bruce Robinson,42375,1540000
981,Lethal Weapon,1987,109 min,"Action, Crime, Thriller",7.6,Richard Donner,246785,65210000
982,Blood Simple,1984,99 min,"Crime, Drama, Thriller",7.6,"Joel Coen, Ethan Coen",92468,2150000
983,Mad Max 2: The Road Warrior,1981,96 min,"Action, Adventure, Sci-Fi",7.6,George Miller,173254,12470000
984,The Warriors,1979,92 min,"Action, Crime, Thriller",7.6,Walter Hill,98213,22490000
985,Lupin III: The Castle of Cagliostro,1979,102 min,"Animation, Action, Adventure",7.6,Hayao Miyazaki,29136,0
986,The Muppet Movie,1979,95 min,"Adventure, Comedy, Family",7.6,James Frawley,34601,76660000
987,Escape from Alcatraz,1979,112 min,"Action, Biography, Crime",7.6,Don Siegel,127769,43000000
988,Watership Down,1978,91 min,"Animation, Adventure, Drama",7.6,"Martin Rosen, John Hubley",35277,0
989,Close Encounters of the Third Kind,1977,138 min,"Drama, Sci-Fi",7.6,Steven Spielberg,192727,132090000
990,"Duck, You Sucker!",1971,138 min,"Drama, War, Western",7.6,Sergio Leone,33254,700000
991,Kelly's Heroes,1970,144 min,"Adventure, Comedy, War",7.6,Brian G. Hutton,47478,1380000
992,Where Eagles Dare,1968,158 min,"Action, Adventure, War",7.6,Brian G. Hutton,55819,0
993,The Jungle Book,1967,78 min,"Animation, Adventure, Comedy",7.6,Wolfgang Reitherman,173212,141840000
994,Breakfast at Tiffany's,1961,115 min,"Comedy, Drama, Romance",7.6,Blake Edwards,173287,0
995,Giant,1956,201 min,"Drama, Western",7.6,George Stevens,37181,0
996,Sabrina,1954,113 min,"Comedy, Drama, Romance",7.6,Billy Wilder,62303,0
997,From Here to Eternity,1953,118 min,"Drama, Romance, War",7.6,Fred Zinnemann,45405,30500000
998,Gilda,1946,110 min,"Drama, Film-Noir, Romance",7.6,Charles Vidor,31031,0
999,Lifeboat,1944,97 min,"Drama, War",7.6,Alfred Hitchcock,27858,0
1000,The 39 Steps,1935,86 min,"Crime, Mystery, Thriller",7.6,Alfred Hitchcock,54743,0
